,pre,post,witvliet_2020_6_L3_chem.csv' with 80 nodes and 654 edges_weight,witvliet_2020_4_L1_chem.csv' with 76 nodes and 490 edges_weight,witvliet_2020_3_L1_chem.csv' with 72 nodes and 449 edges_weight,witvliet_2020_2_L1_chem.csv' with 72 nodes and 437 edges_weight,witvliet_2020_1_L1_chem.csv' with 71 nodes and 362 edges_weight,cel_white_1986_jsh_chem.csv' with 81 nodes and 646 edges_weight,cel_n2u_chemical.csv' with 84 nodes and 1246 edges_weight,witvliet_2020_7_ad_chem.csv' with 83 nodes and 988 edges_weight,witvliet_2020_8_ad_chem.csv' with 83 nodes and 961 edges_weight,witvliet_2020_5_L2_chem.csv' with 79 nodes and 680 edges_weight
0,ADA,AIA,1,0,0,0,0,0,3,2,0,1
1,ADA,AIB,1,1,0,1,2,2,10,6,0,2
2,ADA,ASH,1,0,0,2,0,1,2,0,0,2
3,ADA,AVA,9,1,5,4,3,6,17,3,5,2
4,ADA,AVB,25,10,9,8,5,24,62,28,45,21
5,ADA,AVD,2,2,0,2,2,0,8,1,1,0
6,ADA,AVH,1,0,1,0,0,0,0,0,0,0
7,ADA,AVJ,8,5,4,2,3,7,24,10,18,7
8,ADA,OLQ,1,1,0,0,0,0,0,0,1,2
9,ADA,PVP,1,0,0,1,0,0,1,0,0,0
10,ADA,RIC,1,2,2,2,2,2,4,3,1,4
11,ADA,RIM,8,5,5,4,2,8,38,13,11,10
12,ADA,RIP,5,4,1,0,0,7,13,8,11,4
13,ADA,SDQ,1,0,0,0,0,0,0,0,0,0
14,ADA,AIZ,0,1,0,0,0,0,0,0,0,0
15,ADA,AVE,0,1,0,0,0,2,4,4,1,2
16,ADA,DVA,0,1,0,0,0,0,0,3,0,0
17,ADA,SAA,0,1,0,0,0,0,0,1,1,0
18,ADA,URA,0,1,0,0,0,0,1,0,0,1
19,ADA,RID,0,0,0,1,0,0,0,0,0,0
20,ADA,SMD,0,0,0,1,0,1,4,1,2,0
21,ADA,ADA,0,0,0,0,0,0,11,0,0,0
22,ADA,ADL,0,0,0,0,0,0,2,0,0,0
23,ADA,RIF,0,0,0,0,0,0,1,1,0,0
24,ADA,RIV,0,0,0,0,0,0,5,0,0,0
25,ADA,URX,0,0,0,0,0,0,3,2,0,0
26,ADA,URY,0,0,0,0,0,0,2,0,0,0
27,ADA,ADE,0,0,0,0,0,0,0,1,0,0
28,ADA,RMF,0,0,0,0,0,0,0,1,4,0
29,ADA,ADF,0,0,0,0,0,0,0,0,0,0
30,ADA,ALM,0,0,0,0,0,0,0,0,0,0
31,ADA,ALN,0,0,0,0,0,0,0,0,0,0
32,ADA,AVK,0,0,0,0,0,0,0,0,0,0
33,ADA,PVQ,0,0,0,0,0,0,0,0,0,0
34,ADA,PVR,0,0,0,0,0,0,0,0,0,0
35,ADA,RIA,0,0,0,0,0,0,0,0,0,1
36,ADA,RIB,0,0,0,0,0,0,0,0,0,0
37,ADA,RIH,0,0,0,0,0,0,0,0,0,0
38,ADA,RMG,0,0,0,0,0,0,0,0,0,0
39,ADA,SIB,0,0,0,0,0,0,0,0,0,1
40,ADA,IL2,0,0,0,0,0,0,0,0,0,1
41,AIA,ADA,5,0,4,1,0,1,8,4,5,1
42,AIA,ADL,1,1,0,0,0,0,11,2,7,0
43,AIA,AIB,21,17,14,10,5,22,99,25,34,21
44,AIA,AIN,1,0,0,0,0,0,0,0,0,0
45,AIA,AIZ,3,2,0,0,0,0,6,0,0,3
46,AIA,ASG,2,0,1,0,0,0,6,2,3,1
47,AIA,ASK,4,5,6,5,4,0,10,5,3,2
48,AIA,AWC,8,6,7,1,1,13,19,13,21,13
49,AIA,RIF,2,2,4,4,2,5,51,3,3,3
50,AIA,ASE,0,1,0,0,1,3,20,2,1,1
51,AIA,ASH,0,3,2,1,1,2,1,1,0,2
52,AIA,AWA,0,1,0,0,0,0,4,1,0,0
53,AIA,PVQ,0,0,1,1,0,0,1,0,1,0
54,AIA,ADF,0,0,0,1,0,0,2,0,0,1
55,AIA,AWB,0,0,0,0,1,0,0,0,0,0
56,AIA,ASI,0,0,0,0,0,2,2,2,1,1
57,AIA,AIA,0,0,0,0,0,0,1,0,0,0
58,AIA,AIM,0,0,0,0,0,0,6,0,0,0
59,AIA,ASJ,0,0,0,0,0,0,4,0,0,0
60,AIA,RIR,0,0,0,0,0,0,2,0,0,0
61,AIA,RMG,0,0,0,0,0,0,2,0,0,0
62,AIA,HSN,0,0,0,0,0,0,0,2,0,0
63,AIA,AIY,0,0,0,0,0,0,0,0,0,1
64,AIB,AVB,13,9,8,6,5,9,39,17,14,10
65,AIB,BAG,1,0,0,1,0,0,0,1,2,0
66,AIB,DVA,1,0,0,0,0,0,1,2,1,0
67,AIB,RIB,9,10,6,7,5,12,27,15,22,11
68,AIB,RIM,31,19,19,17,12,27,114,53,43,27
69,AIB,RMF,1,0,0,0,0,0,7,2,4,0
70,AIB,SAA,2,2,2,0,1,4,22,10,9,2
71,AIB,SIA,2,0,0,0,1,0,5,1,0,0
72,AIB,SMD,17,11,10,10,6,12,44,24,24,13
73,AIB,AVA,0,1,0,0,0,1,9,9,7,1
74,AIB,RIV,0,1,0,0,0,0,0,1,1,0
75,AIB,RME,0,1,0,0,0,0,0,0,0,0
76,AIB,AVE,0,0,1,2,4,1,5,2,3,2
77,AIB,RIG,0,0,1,0,0,0,6,1,4,0
78,AIB,PVP,0,0,0,1,0,0,0,0,0,0
79,AIB,AIA,0,0,0,0,0,1,1,0,1,0
80,AIB,DVC,0,0,0,0,0,1,0,1,0,0
81,AIB,ADL,0,0,0,0,0,0,1,0,1,0
82,AIB,AIB,0,0,0,0,0,0,2,0,2,0
83,AIB,AIY,0,0,0,0,0,0,1,0,1,0
84,AIB,AIZ,0,0,0,0,0,0,7,0,2,1
85,AIB,AQR,0,0,0,0,0,0,1,1,0,0
86,AIB,ASH,0,0,0,0,0,0,6,0,0,0
87,AIB,AUA,0,0,0,0,0,0,1,1,4,0
88,AIB,AWC,0,0,0,0,0,0,1,0,0,0
89,AIB,FLP,0,0,0,0,0,0,1,0,0,0
90,AIB,RIA,0,0,0,0,0,0,3,1,1,0
91,AIB,RIC,0,0,0,0,0,0,1,0,0,0
92,AIB,RIF,0,0,0,0,0,0,1,0,0,0
93,AIB,SIB,0,0,0,0,0,0,4,1,1,0
94,AIB,VB0,0,0,0,0,0,0,3,0,0,0
95,AIB,ADA,0,0,0,0,0,0,0,2,0,0
96,AIB,AVK,0,0,0,0,0,0,0,0,1,0
97,AIB,ASK,0,0,0,0,0,0,0,0,0,0
98,AIB,AVD,0,0,0,0,0,0,0,0,0,0
99,AIB,DVB,0,0,0,0,0,0,0,0,0,0
100,AIB,RMH,0,0,0,0,0,0,0,0,0,0
101,AIB,URA,0,0,0,0,0,0,0,0,0,0
102,AIB,URY,0,0,0,0,0,0,0,0,0,0
103,AIB,SMB,0,0,0,0,0,0,0,0,0,1
104,ASH,ADA,5,4,3,2,2,3,8,6,5,5
105,ASH,ADF,4,0,2,1,0,6,11,4,1,6
106,ASH,AIA,20,10,7,7,4,18,61,28,25,16
107,ASH,AIB,15,3,6,7,3,6,25,14,14,11
108,ASH,AVA,12,17,4,1,0,7,26,14,35,5
109,ASH,AVB,13,10,4,2,3,10,20,23,22,13
110,ASH,AVD,15,8,6,2,2,9,56,22,21,13
111,ASH,AVE,1,0,0,0,0,2,7,1,4,2
112,ASH,AVJ,1,0,2,2,0,0,0,5,2,1
113,ASH,AWB,1,0,0,0,0,1,1,4,3,2
114,ASH,RIA,4,4,3,2,0,7,17,3,2,5
115,ASH,RIM,3,0,1,0,0,0,7,0,1,3
116,ASH,RMG,1,0,0,0,0,0,6,0,4,0
117,ASH,ASK,0,3,2,1,0,0,1,1,0,1
118,ASH,AVH,0,1,0,0,1,0,3,4,3,2
119,ASH,AWA,0,3,2,1,0,0,1,1,2,2
120,ASH,PVC,0,1,0,0,0,0,3,0,2,0
121,ASH,PVQ,0,1,0,1,0,0,0,0,2,0
122,ASH,SMB,0,1,1,1,2,0,7,0,1,1
123,ASH,URX,0,1,0,0,0,0,2,0,2,1
124,ASH,ALM,0,0,1,0,0,0,0,0,0,0
125,ASH,ASE,0,0,1,0,0,0,0,0,0,0
126,ASH,SIB,0,0,1,0,0,0,0,0,0,0
127,ASH,AIZ,0,0,0,1,0,0,3,0,1,0
128,ASH,RIF,0,0,0,1,0,1,0,1,1,1
129,ASH,ADL,0,0,0,0,0,1,19,3,7,2
130,ASH,ASH,0,0,0,0,0,0,2,1,0,0
131,ASH,AVF,0,0,0,0,0,0,2,2,0,0
132,ASH,HSN,0,0,0,0,0,0,11,7,5,0
133,ASH,PVP,0,0,0,0,0,0,1,0,0,0
134,ASH,RIP,0,0,0,0,0,0,4,0,0,0
135,ASH,RIR,0,0,0,0,0,0,4,0,0,0
136,ASH,AIY,0,0,0,0,0,0,0,2,1,0
137,ASH,PVN,0,0,0,0,0,0,0,4,0,0
138,ASH,AIM,0,0,0,0,0,0,0,0,1,0
139,ASH,AFD,0,0,0,0,0,0,0,0,0,0
140,ASH,AWC,0,0,0,0,0,0,0,0,0,0
141,AVA,ADE,0,0,0,0,0,2,0,0,0,0
142,AVA,RIG,0,0,0,0,0,3,0,0,0,0
143,AVA,AVB,0,0,0,0,0,0,2,0,0,0
144,AVA,AVD,0,0,0,0,0,0,1,0,0,0
145,AVA,RIA,0,0,0,0,0,0,3,0,0,0
146,AVA,SAA,0,0,0,0,0,0,6,0,0,0
147,AVA,SMD,0,0,0,0,0,0,1,0,0,0
148,AVB,AVD,0,0,0,0,0,1,1,0,0,0
149,AVB,AVJ,0,0,0,0,0,1,2,0,0,0
150,AVB,AIB,0,0,0,0,0,0,1,0,0,0
151,AVB,AVA,0,0,0,0,0,0,6,0,0,0
152,AVB,AVB,0,0,0,0,0,0,2,0,0,0
153,AVB,DVA,0,0,0,0,0,0,2,0,0,0
154,AVB,PVC,0,0,0,0,0,0,2,0,0,0
155,AVB,SDQ,0,0,0,0,0,0,1,0,0,0
156,AVD,ALA,0,0,0,0,0,0,1,0,0,0
157,AVD,AVJ,0,0,0,0,0,0,1,0,0,0
158,AVH,ADF,5,5,4,2,1,3,5,3,6,7
159,AVH,ADL,1,1,0,1,1,0,3,1,1,1
160,AVH,AIA,1,1,0,0,0,0,0,1,0,0
161,AVH,AIZ,1,4,3,2,1,0,0,0,0,3
162,AVH,AQR,1,0,0,0,0,0,1,2,0,0
163,AVH,ASH,1,2,1,1,0,1,1,2,1,0
164,AVH,AVA,1,1,0,1,0,0,2,3,1,0
165,AVH,AWB,1,8,3,3,0,2,4,5,6,11
166,AVH,DVA,2,1,1,0,1,2,1,5,1,2
167,AVH,PVP,2,1,1,1,0,5,11,7,5,3
168,AVH,RIM,1,0,0,0,0,1,1,1,1,1
169,AVH,RIR,6,1,3,0,0,4,10,7,13,3
170,AVH,SMB,2,3,0,1,0,2,12,6,10,4
171,AVH,URX,5,1,1,0,0,5,0,2,1,2
172,AVH,ADA,0,1,0,1,0,0,0,0,0,1
173,AVH,AVH,0,1,0,0,0,0,0,1,0,0
174,AVH,AVJ,0,1,0,0,0,4,8,2,4,2
175,AVH,RIF,0,1,0,0,1,0,1,1,0,1
176,AVH,AFD,0,0,1,0,0,0,0,0,0,0
177,AVH,AWA,0,0,1,0,0,0,0,0,0,0
178,AVH,OLQ,0,0,1,0,0,0,0,0,0,0
179,AVH,ASE,0,0,0,1,0,0,0,0,0,2
180,AVH,AVB,0,0,0,1,0,0,6,1,5,3
181,AVH,RIG,0,0,0,1,0,0,1,0,1,0
182,AVH,BDU,0,0,0,0,1,0,1,1,0,1
183,AVH,AVD,0,0,0,0,0,1,2,0,0,0
184,AVH,AVE,0,0,0,0,0,1,0,0,0,0
185,AVH,PVQ,0,0,0,0,0,1,0,0,0,0
186,AVH,RIC,0,0,0,0,0,1,0,0,0,0
187,AVH,RIH,0,0,0,0,0,1,0,0,0,0
188,AVH,ASK,0,0,0,0,0,0,1,0,0,0
189,AVH,AIB,0,0,0,0,0,0,0,1,0,0
190,AVH,AIN,0,0,0,0,0,0,0,1,2,0
191,AVH,AVM,0,0,0,0,0,0,0,1,0,0
192,AVH,BAG,0,0,0,0,0,0,0,1,0,0
193,AVH,PVC,0,0,0,0,0,0,0,2,1,0
194,AVH,RIV,0,0,0,0,0,0,0,3,0,0
195,AVH,SIA,0,0,0,0,0,0,0,1,0,1
196,AVH,SMD,0,0,0,0,0,0,0,2,1,0
197,AVH,CEP,0,0,0,0,0,0,0,0,1,0
198,AVH,RMF,0,0,0,0,0,0,0,0,1,0
199,AVH,AIM,0,0,0,0,0,0,0,0,0,1
200,AVH,AVF,0,0,0,0,0,0,0,0,0,1
201,AVJ,AVB,6,4,2,0,1,8,19,11,7,7
202,AVJ,AVD,1,1,0,0,1,0,2,0,1,0
203,AVJ,AVM,1,0,0,0,0,0,1,2,2,0
204,AVJ,FLP,2,1,0,0,0,0,2,0,0,0
205,AVJ,PVC,4,3,0,1,2,5,19,8,4,4
206,AVJ,RIS,4,0,0,0,0,2,1,1,1,2
207,AVJ,BDU,0,1,0,0,0,0,0,0,0,0
208,AVJ,RIF,0,2,0,2,0,0,1,0,0,2
209,AVJ,AIY,0,0,2,1,0,1,0,0,1,0
210,AVJ,AVJ,0,0,1,0,0,0,1,0,0,0
211,AVJ,SMB,0,0,1,1,0,0,0,0,0,0
212,AVJ,ASH,0,0,0,1,0,0,1,0,0,1
213,AVJ,AVE,0,0,0,1,0,0,0,0,0,0
214,AVJ,AVH,0,0,0,1,0,0,2,0,0,0
215,AVJ,AQR,0,0,0,0,0,1,0,0,1,0
216,AVJ,AVA,0,0,0,0,0,1,1,1,1,0
217,AVJ,AVF,0,0,0,0,0,1,0,0,0,0
218,AVJ,RIM,0,0,0,0,0,1,0,0,1,0
219,AVJ,AIN,0,0,0,0,0,0,1,0,0,0
220,AVJ,ALM,0,0,0,0,0,0,3,0,0,0
221,AVJ,PVN,0,0,0,0,0,0,4,0,1,0
222,AVJ,RID,0,0,0,0,0,0,1,2,0,0
223,AVJ,ADA,0,0,0,0,0,0,0,1,0,0
224,AVJ,ASK,0,0,0,0,0,0,0,0,1,0
225,AVJ,PVP,0,0,0,0,0,0,0,0,1,0
226,AVJ,DVA,0,0,0,0,0,0,0,0,0,0
227,AVJ,OLQ,0,0,0,0,0,0,0,0,0,0
228,AVJ,SIB,0,0,0,0,0,0,0,0,0,0
229,AVJ,URY,0,0,0,0,0,0,0,0,0,0
230,OLQ,IL1,2,0,0,0,0,0,3,3,2,0
231,OLQ,IL2,6,4,4,6,4,4,1,17,18,7
232,OLQ,RIC,4,4,5,5,9,5,17,6,7,6
233,OLQ,RMD,13,6,4,9,3,10,52,21,21,10
234,OLQ,RME,2,0,0,0,0,0,5,4,4,1
235,OLQ,SIB,13,6,4,5,2,9,47,22,21,10
236,OLQ,SMB,1,0,0,0,1,0,0,1,2,0
237,OLQ,RMH,0,1,0,0,0,0,7,3,4,0
238,OLQ,RIH,0,0,0,1,1,2,23,2,2,0
239,OLQ,URY,0,0,0,1,0,0,3,0,0,0
240,OLQ,AVA,0,0,0,0,1,0,1,0,0,0
241,OLQ,AVD,0,0,0,0,0,0,1,0,0,0
242,OLQ,CEP,0,0,0,0,0,0,3,0,1,0
243,OLQ,RIP,0,0,0,0,0,0,18,0,0,0
244,OLQ,SIA,0,0,0,0,0,0,9,0,1,0
245,OLQ,PVP,0,0,0,0,0,0,0,1,0,0
246,OLQ,RIG,0,0,0,0,0,0,0,1,0,0
247,OLQ,URB,0,0,0,0,0,0,0,0,1,0
248,OLQ,ADA,0,0,0,0,0,0,0,0,0,0
249,OLQ,AVE,0,0,0,0,0,0,0,0,0,0
250,OLQ,AVJ,0,0,0,0,0,0,0,0,0,0
251,OLQ,DVA,0,0,0,0,0,0,0,0,0,0
252,OLQ,OLL,0,0,0,0,0,0,0,0,0,0
253,OLQ,OLQ,0,0,0,0,0,0,0,0,0,0
254,OLQ,PVR,0,0,0,0,0,0,0,0,0,0
255,OLQ,RIA,0,0,0,0,0,0,0,0,0,0
256,OLQ,RIM,0,0,0,0,0,0,0,0,0,0
257,OLQ,RIR,0,0,0,0,0,0,0,0,0,0
258,OLQ,RIV,0,0,0,0,0,0,0,0,0,0
259,OLQ,RMF,0,0,0,0,0,0,0,0,0,0
260,OLQ,RMG,0,0,0,0,0,0,0,0,0,0
261,OLQ,URA,0,0,0,0,0,0,0,0,0,1
262,OLQ,unk,0,0,0,0,0,0,0,0,0,0
263,PVP,ADA,1,0,0,0,1,0,1,1,2,0
264,PVP,AQR,2,0,0,0,0,5,14,5,4,7
265,PVP,AVA,6,1,2,3,2,8,14,7,7,5
266,PVP,AVB,15,2,2,4,3,19,48,22,25,11
267,PVP,DVC,1,0,0,0,0,0,0,0,0,0
268,PVP,PVC,12,1,3,0,1,6,33,10,12,8
269,PVP,RID,1,0,0,1,1,0,0,0,0,0
270,PVP,RIF,1,0,0,0,0,1,0,0,3,0
271,PVP,RIG,1,2,1,2,1,3,3,1,1,1
272,PVP,AIB,0,2,0,2,0,0,0,3,1,0
273,PVP,AVE,0,1,0,0,0,0,0,1,3,0
274,PVP,AVH,0,1,1,1,1,3,5,4,2,0
275,PVP,DVA,0,1,0,1,0,0,0,2,0,1
276,PVP,URX,0,0,1,2,1,0,1,0,0,2
277,PVP,AVD,0,0,0,2,0,3,4,0,1,0
278,PVP,RIR,0,0,0,2,1,0,1,1,2,0
279,PVP,URY,0,0,0,1,0,0,0,0,0,0
280,PVP,AVJ,0,0,0,0,1,2,2,0,1,2
281,PVP,ADE,0,0,0,0,0,1,0,0,0,0
282,PVP,ADL,0,0,0,0,0,1,0,0,0,0
283,PVP,AIZ,0,0,0,0,0,1,0,0,0,0
284,PVP,ASH,0,0,0,0,0,1,2,0,1,1
285,PVP,RIS,0,0,0,0,0,1,0,0,0,1
286,PVP,SIB,0,0,0,0,0,1,0,0,0,0
287,PVP,SMB,0,0,0,0,0,1,0,0,0,1
288,PVP,ADF,0,0,0,0,0,0,2,0,0,0
289,PVP,RIA,0,0,0,0,0,0,2,0,2,0
290,PVP,RIM,0,0,0,0,0,0,1,0,0,0
291,PVP,AVF,0,0,0,0,0,0,0,2,0,1
292,PVP,AVK,0,0,0,0,0,0,0,1,0,0
293,PVP,RMF,0,0,0,0,0,0,0,1,1,0
294,PVP,SIA,0,0,0,0,0,0,0,1,0,0
295,PVP,AWA,0,0,0,0,0,0,0,0,0,0
296,PVP,AWB,0,0,0,0,0,0,0,0,0,0
297,PVP,OLQ,0,0,0,0,0,0,0,0,0,0
298,PVP,RMG,0,0,0,0,0,0,0,0,0,0
299,PVP,SAA,0,0,0,0,0,0,0,0,0,1
300,RIC,ADA,4,4,2,2,2,5,10,3,5,2
301,RIC,AIB,3,0,1,0,0,2,4,7,4,1
302,RIC,AVA,26,15,8,11,7,30,61,36,32,20
303,RIC,CEP,2,0,2,0,1,2,5,9,4,1
304,RIC,RIM,2,0,0,0,0,5,20,10,7,5
305,RIC,RIV,1,1,0,0,0,1,5,2,4,0
306,RIC,RMD,1,0,0,0,1,0,0,0,0,2
307,RIC,SAA,1,0,1,0,0,0,2,0,2,3
308,RIC,SIB,1,0,0,1,0,0,0,0,0,1
309,RIC,SMB,2,4,0,0,0,2,9,2,5,3
310,RIC,SMD,23,10,4,10,4,23,47,18,23,14
311,RIC,URB,1,0,0,0,0,0,4,0,2,0
312,RIC,RMH,0,6,0,0,0,0,0,2,3,3
313,RIC,RIC,0,0,1,2,0,0,5,1,5,0
314,RIC,URY,0,0,1,0,0,0,0,0,0,0
315,RIC,BWM,0,0,0,0,1,0,0,0,0,1
316,RIC,AVE,0,0,0,0,0,1,0,0,0,0
317,RIC,AVK,0,0,0,0,0,1,1,0,0,0
318,RIC,ADL,0,0,0,0,0,0,2,0,0,0
319,RIC,AIZ,0,0,0,0,0,0,6,0,0,0
320,RIC,OLQ,0,0,0,0,0,0,1,0,0,0
321,RIC,RMF,0,0,0,0,0,0,3,0,0,0
322,RIC,RMG,0,0,0,0,0,0,1,1,0,0
323,RIC,VB0,0,0,0,0,0,0,7,0,0,0
324,RIC,AVB,0,0,0,0,0,0,0,2,0,0
325,RIC,AVD,0,0,0,0,0,0,0,1,0,0
326,RIC,PVC,0,0,0,0,0,0,0,1,0,0
327,RIC,URX,0,0,0,0,0,0,0,1,1,0
328,RIC,RIS,0,0,0,0,0,0,0,0,1,0
329,RIC,AVJ,0,0,0,0,0,0,0,0,0,0
330,RIC,RIA,0,0,0,0,0,0,0,0,0,0
331,RIC,SDQ,0,0,0,0,0,0,0,0,0,0
332,RIC,SIA,0,0,0,0,0,0,0,0,0,0
333,RIM,ADA,1,0,1,0,0,1,15,2,1,0
334,RIM,AIB,15,5,6,5,3,12,40,20,17,5
335,RIM,AVA,2,0,0,1,1,2,16,3,3,1
336,RIM,AVB,13,7,8,5,4,14,67,12,15,8
337,RIM,AVD,2,0,0,1,0,0,0,0,0,0
338,RIM,AVE,1,0,0,0,0,1,7,3,1,0
339,RIM,AVJ,1,0,0,0,0,0,6,0,1,0
340,RIM,AVK,1,0,0,0,0,0,2,0,3,0
341,RIM,BWM,13,9,7,2,3,16,0,15,15,7
342,RIM,RIB,9,10,9,4,2,11,13,7,15,11
343,RIM,RIG,1,2,1,0,0,2,0,0,1,1
344,RIM,RIS,1,3,1,1,1,0,2,1,3,0
345,RIM,RMD,17,7,7,7,8,14,57,26,21,11
346,RIM,RMF,6,0,0,0,0,4,12,8,8,0
347,RIM,SAA,17,9,6,6,3,17,44,26,32,14
348,RIM,SIA,2,2,0,2,0,0,0,1,1,2
349,RIM,SMD,30,20,13,20,14,21,64,35,39,25
350,RIM,AVH,0,0,1,0,0,0,0,0,0,0
351,RIM,RMG,0,0,1,0,0,0,0,0,0,0
352,RIM,PVC,0,0,0,1,0,1,0,0,0,0
353,RIM,SIB,0,0,0,1,0,0,0,0,1,0
354,RIM,CEP,0,0,0,0,1,0,0,0,0,0
355,RIM,RIA,0,0,0,0,0,0,5,1,0,0
356,RIM,RIC,0,0,0,0,0,0,1,0,0,0
357,RIM,RIM,0,0,0,0,0,0,17,0,1,0
358,RIM,VB0,0,0,0,0,0,0,10,0,0,0
359,RIM,AUA,0,0,0,0,0,0,0,1,0,0
360,RIM,OLL,0,0,0,0,0,0,0,1,0,0
361,RIM,RIF,0,0,0,0,0,0,0,1,0,0
362,RIM,AIZ,0,0,0,0,0,0,0,0,1,0
363,RIM,PVP,0,0,0,0,0,0,0,0,0,0
364,RIM,RIV,0,0,0,0,0,0,0,0,0,1
365,RIM,UNK,0,0,0,0,0,0,0,0,0,0
366,RIM,RME,0,0,0,0,0,0,0,0,0,1
367,RIP,IL2,0,0,1,0,0,0,0,0,0,0
368,RIP,RIH,0,0,1,0,0,0,3,0,0,0
369,RIP,RIP,0,0,1,0,0,0,1,0,0,0
370,RIP,AVB,0,0,0,0,0,1,2,0,0,0
371,RIP,OLQ,0,0,0,0,0,2,8,0,0,0
372,RIP,URA,0,0,0,0,0,0,1,0,0,0
373,RIP,ADF,0,0,0,0,0,0,0,0,0,0
374,RIP,AIZ,0,0,0,0,0,0,0,0,0,0
375,RIP,CEP,0,0,0,0,0,0,0,0,0,0
376,RIP,DVA,0,0,0,0,0,0,0,0,0,0
377,RIP,IL1,0,0,0,0,0,0,0,0,0,0
378,RIP,RIA,0,0,0,0,0,0,0,0,0,0
379,RIP,RIC,0,0,0,0,0,0,0,0,0,0
380,RIP,RIR,0,0,0,0,0,0,0,0,0,0
381,RIP,RIV,0,0,0,0,0,0,0,0,0,0
382,RIP,RMD,0,0,0,0,0,0,0,0,0,0
383,RIP,SIA,0,0,0,0,0,0,0,0,0,0
384,RIP,SIB,0,0,0,0,0,0,0,0,0,0
385,RIP,SMB,0,0,0,0,0,0,0,0,0,0
386,RIP,UK2,0,0,0,0,0,0,0,0,0,0
387,RIP,URY,0,0,0,0,0,0,0,0,0,0
388,SDQ,AIB,1,0,0,0,0,2,10,1,4,0
389,SDQ,AVA,3,0,0,0,0,5,26,4,6,0
390,SDQ,AVB,6,1,0,0,0,7,54,13,11,2
391,SDQ,AVE,1,0,0,0,0,0,1,0,0,0
392,SDQ,DVA,5,1,0,0,0,5,16,3,7,0
393,SDQ,PVC,1,0,0,0,0,0,1,0,0,0
394,SDQ,RIC,3,1,0,0,0,0,7,3,1,1
395,SDQ,SDQ,1,0,0,0,0,0,4,3,1,0
396,SDQ,SIB,3,0,0,0,0,0,1,1,1,2
397,SDQ,BDU,0,1,0,0,0,0,0,0,0,0
398,SDQ,PVR,0,1,0,0,0,0,0,0,0,2
399,SDQ,FLP,0,0,0,0,0,1,3,1,1,0
400,SDQ,ADL,0,0,0,0,0,0,1,0,0,0
401,SDQ,ALM,0,0,0,0,0,0,2,1,0,0
402,SDQ,AVD,0,0,0,0,0,0,3,0,0,0
403,SDQ,RIP,0,0,0,0,0,0,1,0,0,0
404,SDQ,RIS,0,0,0,0,0,0,8,2,1,0
405,SDQ,RMF,0,0,0,0,0,0,3,0,0,0
406,SDQ,RMH,0,0,0,0,0,0,22,0,0,1
407,SDQ,SAA,0,0,0,0,0,0,2,0,0,0
408,SDQ,RIA,0,0,0,0,0,0,0,2,0,0
409,SDQ,RIM,0,0,0,0,0,0,0,1,0,0
410,SDQ,RIV,0,0,0,0,0,0,0,1,0,0
411,SDQ,RMG,0,0,0,0,0,0,0,2,0,0
412,SDQ,URY,0,0,0,0,0,0,0,1,0,0
413,SDQ,IL1,0,0,0,0,0,0,0,0,1,0
414,SDQ,SMB,0,0,0,0,0,0,0,0,1,0
415,SDQ,SMD,0,0,0,0,0,0,0,0,2,0
416,SDQ,ADA,0,0,0,0,0,0,0,0,0,0
417,SDQ,AIZ,0,0,0,0,0,0,0,0,0,0
418,SDQ,AVK,0,0,0,0,0,0,0,0,0,0
419,ADE,ADA,3,0,1,3,1,2,2,2,2,1
420,ADE,ADE,4,0,2,1,0,3,14,9,8,2
421,ADE,AIN,1,0,0,0,0,0,0,0,2,0
422,ADE,ALM,1,0,0,0,0,1,1,1,1,0
423,ADE,AVA,5,4,3,4,2,7,46,12,9,4
424,ADE,AVD,4,1,0,0,1,4,7,0,2,1
425,ADE,BWM,2,0,0,0,0,0,0,2,0,0
426,ADE,CEP,4,0,0,0,0,1,8,9,11,7
427,ADE,GLR,2,0,0,0,0,0,0,0,0,0
428,ADE,IL1,2,0,0,0,0,0,4,8,5,1
429,ADE,IL2,3,0,0,0,0,0,6,3,4,0
430,ADE,OLL,3,0,0,0,0,2,10,6,2,0
431,ADE,PVR,1,0,0,0,0,2,0,0,2,1
432,ADE,RIG,10,4,1,0,2,21,87,34,34,8
433,ADE,RIV,1,0,0,0,0,2,5,6,6,0
434,ADE,RMD,1,0,0,0,0,4,17,8,8,0
435,ADE,RMH,1,0,0,0,0,2,3,2,2,0
436,ADE,SAA,1,1,1,0,0,0,1,3,4,0
437,ADE,SDQ,2,0,0,0,0,1,0,0,1,3
438,ADE,SIB,1,0,0,0,0,1,2,2,0,0
439,ADE,AQR,0,2,0,0,0,0,0,3,0,0
440,ADE,AVK,0,1,0,0,0,0,0,5,4,1
441,ADE,RIF,0,1,0,0,0,2,1,0,1,0
442,ADE,RIS,0,1,0,0,0,0,0,0,0,0
443,ADE,SMD,0,1,0,0,0,0,1,0,2,0
444,ADE,FLP,0,0,1,1,1,2,9,1,1,2
445,ADE,PVC,0,0,0,0,1,0,0,0,0,1
446,ADE,AVE,0,0,0,0,0,2,7,1,1,1
447,ADE,BDU,0,0,0,0,0,2,1,1,0,0
448,ADE,SIA,0,0,0,0,0,1,1,0,1,0
449,ADE,ALN,0,0,0,0,0,0,1,2,2,0
450,ADE,ASI,0,0,0,0,0,0,1,0,0,0
451,ADE,AVH,0,0,0,0,0,0,1,0,0,0
452,ADE,AVJ,0,0,0,0,0,0,1,0,0,0
453,ADE,AVL,0,0,0,0,0,0,1,0,0,0
454,ADE,RIA,0,0,0,0,0,0,3,0,0,0
455,ADE,RIH,0,0,0,0,0,0,4,3,0,0
456,ADE,RME,0,0,0,0,0,0,4,1,0,0
457,ADE,SMB,0,0,0,0,0,0,3,3,3,1
458,ADE,URB,0,0,0,0,0,0,3,1,1,1
459,ADE,URX,0,0,0,0,0,0,2,0,0,0
460,ADE,VB0,0,0,0,0,0,0,3,0,0,0
461,ADE,ASJ,0,0,0,0,0,0,0,1,0,0
462,ADE,AVB,0,0,0,0,0,0,0,1,0,0
463,ADE,DVA,0,0,0,0,0,0,0,1,0,0
464,ADE,DVC,0,0,0,0,0,0,0,2,0,0
465,ADE,PVN,0,0,0,0,0,0,0,1,0,0
466,ADE,PVP,0,0,0,0,0,0,0,1,0,0
467,ADE,RMF,0,0,0,0,0,0,0,7,5,0
468,ADE,RMG,0,0,0,0,0,0,0,1,0,0
469,ADE,PVT,0,0,0,0,0,0,0,0,2,0
470,ADE,UNK,0,0,0,0,0,0,0,0,0,0
471,ADE,unk,0,0,0,0,0,0,0,0,0,0
472,AIN,AFD,9,9,8,5,5,8,22,16,17,10
473,AIN,AIN,2,0,0,1,0,0,2,0,1,0
474,AIN,ASE,1,1,4,1,1,2,5,3,3,0
475,AIN,AUA,6,4,4,4,3,3,5,7,5,8
476,AIN,BAG,12,7,4,1,3,11,14,19,16,5
477,AIN,CEP,10,6,2,2,5,8,2,14,13,8
478,AIN,RIB,7,3,1,0,2,9,13,15,13,5
479,AIN,AWC,0,2,0,2,0,0,2,1,0,0
480,AIN,RID,0,2,1,1,0,1,4,1,5,1
481,AIN,ADF,0,0,0,1,0,0,0,0,0,0
482,AIN,AIA,0,0,0,1,1,0,3,0,1,0
483,AIN,AIB,0,0,0,2,1,1,2,4,2,0
484,AIN,ASG,0,0,0,1,1,0,2,0,0,0
485,AIN,RIM,0,0,0,0,0,1,0,4,2,1
486,AIN,ASI,0,0,0,0,0,0,11,0,0,0
487,AIN,RMD,0,0,0,0,0,0,3,0,0,0
488,AIN,RMF,0,0,0,0,0,0,1,0,2,0
489,AIN,SAA,0,0,0,0,0,0,3,0,0,0
490,AIN,URX,0,0,0,0,0,0,4,1,0,0
491,AIN,RIA,0,0,0,0,0,0,0,1,0,0
492,AIN,AIY,0,0,0,0,0,0,0,0,1,0
493,AIN,AVA,0,0,0,0,0,0,0,0,1,0
494,AIN,AIZ,0,0,0,0,0,0,0,0,0,0
495,AIN,AWA,0,0,0,0,0,0,0,0,0,0
496,AIN,IL2,0,0,0,0,0,0,0,0,0,1
497,ALM,AVB,1,1,0,0,0,0,0,1,0,1
498,ALM,AVD,3,0,0,0,0,2,3,1,5,0
499,ALM,BDU,11,6,4,2,2,13,29,16,15,9
500,ALM,CEP,12,7,4,3,1,10,9,14,17,10
501,ALM,PVC,9,2,0,0,0,10,25,12,17,2
502,ALM,RIF,2,2,0,1,0,1,2,0,2,1
503,ALM,SDQ,4,0,0,0,0,0,2,1,0,2
504,ALM,PVR,0,0,2,0,2,1,0,2,0,1
505,ALM,URB,0,0,1,0,0,1,1,0,0,0
506,ALM,ADE,0,0,0,0,0,3,0,0,2,0
507,ALM,AVJ,0,0,0,0,0,1,0,0,0,0
508,ALM,PVN,0,0,0,0,0,3,0,2,2,0
509,ALM,RIC,0,0,0,0,0,1,5,0,0,0
510,ALM,AIM,0,0,0,0,0,0,1,0,0,1
511,ALM,ALM,0,0,0,0,0,0,1,0,0,0
512,ALM,AVE,0,0,0,0,0,0,3,0,0,1
513,ALM,RMD,0,0,0,0,0,0,2,1,0,0
514,ALM,RMG,0,0,0,0,0,0,3,0,0,1
515,ALM,SIA,0,0,0,0,0,0,1,0,0,0
516,ALM,SMB,0,0,0,0,0,0,2,1,0,0
517,ALM,SMD,0,0,0,0,0,0,1,0,0,0
518,ALM,ALN,0,0,0,0,0,0,0,1,0,0
519,ALM,AVM,0,0,0,0,0,0,0,0,1,0
520,ALM,RID,0,0,0,0,0,0,0,0,1,1
521,ALM,AIY,0,0,0,0,0,0,0,0,0,0
522,ALM,PVP,0,0,0,0,0,0,0,0,0,0
523,ALM,RIS,0,0,0,0,0,0,0,0,0,0
524,ALM,UNK,0,0,0,0,0,0,0,0,0,0
525,ALM,unk,0,0,0,0,0,0,0,0,0,0
526,ALM,ADA,0,0,0,0,0,0,0,0,0,1
527,ALM,AVF,0,0,0,0,0,0,0,0,0,1
528,ALM,IL2,0,0,0,0,0,0,0,0,0,1
529,CEP,AVE,17,18,10,12,7,24,48,26,30,20
530,CEP,IL1,17,8,2,1,0,13,51,15,22,9
531,CEP,OLL,19,22,15,13,8,16,44,31,45,22
532,CEP,OLQ,22,9,6,5,1,16,77,24,23,19
533,CEP,RIB,4,0,0,0,0,4,9,4,4,2
534,CEP,RIC,24,15,14,19,11,25,113,32,32,20
535,CEP,RIP,4,3,3,0,0,2,15,4,4,4
536,CEP,RIS,1,0,0,0,0,0,3,2,2,0
537,CEP,RMD,15,16,10,4,0,13,41,27,34,18
538,CEP,RMH,8,0,0,0,0,10,47,19,15,7
539,CEP,SIA,2,0,0,0,0,2,17,3,5,0
540,CEP,URA,8,1,3,2,0,8,20,11,7,8
541,CEP,URB,3,5,2,2,2,2,25,8,12,4
542,CEP,URY,8,3,2,3,2,4,17,9,6,3
543,CEP,ADA,0,1,0,2,1,0,0,0,0,0
544,CEP,AVA,0,1,0,0,0,0,0,0,0,1
545,CEP,IL2,0,1,0,0,0,0,4,0,0,0
546,CEP,SMB,0,1,0,0,0,0,9,5,3,2
547,CEP,SMD,0,6,3,4,4,0,3,2,5,0
548,CEP,PVR,0,0,2,2,0,1,0,2,3,2
549,CEP,SIB,0,0,0,0,1,0,3,1,0,1
550,CEP,RMF,0,0,0,0,0,2,0,0,0,0
551,CEP,RMG,0,0,0,0,0,3,9,1,1,0
552,CEP,URX,0,0,0,0,0,1,4,8,6,0
553,CEP,ADL,0,0,0,0,0,0,3,0,0,0
554,CEP,AFD,0,0,0,0,0,0,2,0,0,0
555,CEP,AIN,0,0,0,0,0,0,2,0,0,0
556,CEP,ALM,0,0,0,0,0,0,2,1,1,0
557,CEP,ASG,0,0,0,0,0,0,2,0,0,0
558,CEP,BDU,0,0,0,0,0,0,5,0,0,0
559,CEP,CEP,0,0,0,0,0,0,8,0,1,1
560,CEP,RIA,0,0,0,0,0,0,3,0,1,0
561,CEP,RIF,0,0,0,0,0,0,2,0,0,0
562,CEP,RIH,0,0,0,0,0,0,5,0,0,0
563,CEP,RIV,0,0,0,0,0,0,2,0,0,0
564,CEP,ADE,0,0,0,0,0,0,0,1,0,1
565,CEP,AVB,0,0,0,0,0,0,0,3,0,0
566,CEP,AVD,0,0,0,0,0,0,0,1,1,0
567,CEP,AVJ,0,0,0,0,0,0,0,1,1,0
568,CEP,BWM,0,0,0,0,0,0,0,3,4,0
569,CEP,SDQ,0,0,0,0,0,0,0,1,0,0
570,CEP,PLN,0,0,0,0,0,0,0,0,1,0
571,CEP,UK2,0,0,0,0,0,0,0,0,0,0
572,IL1,BWM,64,26,33,30,17,82,0,109,75,57
573,IL1,IL1,2,0,2,0,1,0,15,4,6,2
574,IL1,PVR,1,0,0,0,0,5,0,4,2,0
575,IL1,RIP,10,13,12,15,7,19,68,12,12,12
576,IL1,RMD,45,23,32,28,17,48,243,80,63,39
577,IL1,RME,7,5,13,12,10,3,10,8,10,4
578,IL1,RMG,1,0,0,0,0,0,1,0,0,0
579,IL1,RMH,1,0,0,0,0,1,4,2,3,4
580,IL1,URA,1,1,1,1,0,0,30,1,3,4
581,IL1,GLR,0,0,0,1,0,0,0,1,2,0
582,IL1,RMF,0,0,0,0,0,2,0,1,1,0
583,IL1,ADE,0,0,0,0,0,0,3,0,0,0
584,IL1,AVE,0,0,0,0,0,0,12,3,2,0
585,IL1,AVL,0,0,0,0,0,0,1,0,0,0
586,IL1,IL2,0,0,0,0,0,0,9,0,0,0
587,IL1,OLL,0,0,0,0,0,0,4,0,5,1
588,IL1,OLQ,0,0,0,0,0,0,7,0,0,0
589,IL1,URB,0,0,0,0,0,0,1,0,0,0
590,IL1,URX,0,0,0,0,0,0,1,0,0,0
591,IL1,URY,0,0,0,0,0,0,6,0,0,0
592,IL1,RIS,0,0,0,0,0,0,0,1,0,0
593,IL1,AIB,0,0,0,0,0,0,0,0,0,0
594,IL1,CEP,0,0,0,0,0,0,0,0,0,0
595,IL1,PVP,0,0,0,0,0,0,0,0,0,0
596,IL1,SAA,0,0,0,0,0,0,0,0,0,0
597,IL1,SMB,0,0,0,0,0,0,0,0,0,0
598,IL2,ADE,2,0,0,0,0,0,16,3,3,1
599,IL2,CEP,1,0,0,1,0,1,2,1,2,1
600,IL2,GLR,3,0,1,2,1,2,0,5,3,1
601,IL2,IL1,13,3,2,0,0,19,109,27,29,5
602,IL2,OLL,1,3,1,0,0,1,5,3,2,1
603,IL2,OLQ,21,11,14,10,4,19,94,39,41,10
604,IL2,RIA,2,0,1,0,0,2,6,5,7,2
605,IL2,RIC,1,0,0,0,0,0,4,5,2,1
606,IL2,RIH,19,9,13,9,6,12,56,26,31,13
607,IL2,RIP,39,19,20,17,9,32,150,56,70,29
608,IL2,RMD,5,3,1,0,0,9,6,7,7,5
609,IL2,RME,37,31,28,23,14,19,130,58,64,34
610,IL2,URA,17,6,5,8,0,12,41,18,32,13
611,IL2,URX,1,0,0,0,0,2,5,3,4,1
612,IL2,BWM,0,2,0,0,0,0,0,5,2,0
613,IL2,SIB,0,0,1,0,0,0,0,2,0,0
614,IL2,AVE,0,0,0,0,0,1,4,0,1,0
615,IL2,BAG,0,0,0,0,0,1,1,1,0,2
616,IL2,RIB,0,0,0,0,0,1,1,0,2,0
617,IL2,RMH,0,0,0,0,0,1,1,2,1,2
618,IL2,ADL,0,0,0,0,0,0,1,0,1,0
619,IL2,AUA,0,0,0,0,0,0,2,0,0,0
620,IL2,AVA,0,0,0,0,0,0,1,0,0,0
621,IL2,AVB,0,0,0,0,0,0,2,0,0,0
622,IL2,DVC,0,0,0,0,0,0,1,0,0,0
623,IL2,IL2,0,0,0,0,0,0,3,2,2,1
624,IL2,RMG,0,0,0,0,0,0,1,0,0,0
625,IL2,SIA,0,0,0,0,0,0,1,0,0,0
626,IL2,URB,0,0,0,0,0,0,3,1,1,0
627,IL2,ADA,0,0,0,0,0,0,0,1,0,0
628,IL2,SMB,0,0,0,0,0,0,0,2,1,0
629,IL2,URY,0,0,0,0,0,0,0,2,1,0
630,IL2,AIB,0,0,0,0,0,0,0,0,1,0
631,IL2,ASI,0,0,0,0,0,0,0,0,1,0
632,IL2,AWC,0,0,0,0,0,0,0,0,2,0
633,IL2,RIG,0,0,0,0,0,0,0,0,1,0
634,IL2,Hyp,0,0,0,0,0,0,0,0,0,0
635,IL2,ILS,0,0,0,0,0,0,0,0,0,0
636,IL2,OLS,0,0,0,0,0,0,0,0,0,0
637,OLL,AVE,40,24,26,20,8,40,92,56,64,39
638,OLL,CEP,15,17,3,7,4,4,42,32,34,17
639,OLL,IL1,8,0,0,0,0,3,6,8,10,0
640,OLL,OLQ,1,0,0,0,0,0,1,1,0,0
641,OLL,RIB,23,12,16,8,6,20,45,24,27,22
642,OLL,RIS,1,0,0,0,0,0,2,0,0,0
643,OLL,RMD,24,13,9,2,0,22,69,49,67,30
644,OLL,RME,8,0,0,0,0,3,9,9,3,2
645,OLL,SMD,20,16,15,14,8,18,46,28,28,16
646,OLL,RMG,0,0,1,0,0,0,0,1,0,0
647,OLL,IL2,0,0,0,0,0,1,1,1,0,0
648,OLL,ADE,0,0,0,0,0,0,7,1,0,0
649,OLL,OLL,0,0,0,0,0,0,8,1,0,0
650,OLL,URY,0,0,0,0,0,0,3,1,1,1
651,OLL,URX,0,0,0,0,0,0,0,1,0,0
652,OLL,BWM,0,0,0,0,0,0,0,0,2,0
653,OLL,CSS,0,0,0,0,0,0,0,0,0,0
654,OLL,RID,0,0,0,0,0,0,0,0,0,0
655,OLL,RMF,0,0,0,0,0,0,0,0,0,0
656,OLL,RMH,0,0,0,0,0,0,0,0,0,0
657,PVR,AVB,1,8,4,3,3,7,0,20,19,13
658,PVR,AVJ,2,7,3,1,2,3,0,7,12,5
659,PVR,BDU,1,0,0,0,0,0,0,0,0,0
660,PVR,CEP,1,1,0,1,1,1,0,0,0,1
661,PVR,IL1,1,5,1,1,1,8,0,9,8,7
662,PVR,RIP,1,5,2,1,2,10,0,19,15,14
663,PVR,URY,0,1,0,1,1,0,0,0,0,1
664,PVR,URA,0,0,1,0,0,0,0,0,0,1
665,PVR,AVD,0,0,0,1,0,0,0,0,0,0
666,PVR,ALM,0,0,0,0,0,1,0,0,0,0
667,PVR,ADA,0,0,0,0,0,0,0,0,0,0
668,PVR,OLQ,0,0,0,0,0,0,0,0,0,0
669,PVR,RIC,0,0,0,0,0,0,0,0,0,0
670,PVR,RIS,0,0,0,0,0,0,0,0,0,0
671,PVR,RMD,0,0,0,0,0,0,0,0,0,0
672,PVR,SMB,0,0,0,0,0,0,0,0,0,0
673,PVR,RIV,0,0,0,0,0,0,0,0,0,1
674,PVR,SIB,0,0,0,0,0,0,0,0,0,1
675,RIG,AIB,2,5,1,3,1,1,6,6,8,3
676,RIG,AIZ,8,5,1,1,1,2,16,23,19,10
677,RIG,AVE,10,9,1,2,1,3,12,23,19,7
678,RIG,AVK,6,7,6,4,3,6,43,10,8,7
679,RIG,BAG,5,5,4,3,4,2,5,18,20,4
680,RIG,CEP,1,0,0,1,1,0,0,0,0,0
681,RIG,DVC,1,3,0,2,0,0,2,0,5,1
682,RIG,OLQ,3,3,2,3,2,0,4,6,3,2
683,RIG,PVT,1,0,0,1,1,0,5,0,1,0
684,RIG,RIB,6,4,6,4,2,4,5,4,10,4
685,RIG,RIG,1,0,0,0,0,0,0,0,0,0
686,RIG,RIR,4,3,0,3,2,4,13,2,3,2
687,RIG,RIV,1,0,0,0,0,0,0,0,3,0
688,RIG,RMF,4,0,0,0,0,2,0,9,10,0
689,RIG,RMG,2,2,7,2,2,2,6,4,1,4
690,RIG,RMH,7,1,0,0,0,5,40,11,12,8
691,RIG,URX,1,1,0,1,0,0,9,1,0,0
692,RIG,URY,2,4,2,5,2,1,2,2,4,4
693,RIG,ADE,0,1,0,0,0,0,0,0,0,0
694,RIG,AVH,0,1,0,0,0,0,0,0,0,0
695,RIG,RIA,0,1,1,2,3,0,3,1,6,1
696,RIG,AVD,0,0,1,0,0,0,1,0,0,0
697,RIG,RIM,0,0,1,0,0,0,0,1,0,1
698,RIG,SAA,0,0,1,0,0,0,0,0,2,0
699,RIG,IL1,0,0,0,1,0,0,0,0,0,0
700,RIG,RME,0,0,0,1,0,0,0,0,0,0
701,RIG,PLN,0,0,0,0,0,1,0,2,1,0
702,RIG,SIA,0,0,0,0,0,1,0,0,0,0
703,RIG,ADF,0,0,0,0,0,0,1,0,1,0
704,RIG,ADL,0,0,0,0,0,0,2,0,0,0
705,RIG,AFD,0,0,0,0,0,0,1,0,0,0
706,RIG,ALN,0,0,0,0,0,0,9,3,1,0
707,RIG,DVA,0,0,0,0,0,0,5,0,0,0
708,RIG,PVP,0,0,0,0,0,0,2,1,0,0
709,RIG,RIH,0,0,0,0,0,0,2,0,0,0
710,RIG,ASH,0,0,0,0,0,0,0,1,0,0
711,RIG,AVB,0,0,0,0,0,0,0,1,0,0
712,RIG,PVQ,0,0,0,0,0,0,0,1,0,0
713,RIG,AQR,0,0,0,0,0,0,0,0,0,0
714,RIG,AVA,0,0,0,0,0,0,0,0,0,0
715,RIG,RMD,0,0,0,0,0,0,0,0,0,0
716,RIG,SMB,0,0,0,0,0,0,0,0,0,0
717,RIG,SMD,0,0,0,0,0,0,0,0,0,0
718,RIV,BWM,23,6,1,0,0,17,0,36,43,5
719,RIV,CEP,1,0,0,0,0,0,0,0,0,0
720,RIV,GLR,4,4,5,1,5,0,0,1,0,3
721,RIV,RIA,7,14,6,5,1,7,16,12,12,8
722,RIV,RIH,1,0,1,1,1,0,0,0,0,0
723,RIV,RMD,10,10,5,2,3,9,17,9,17,6
724,RIV,SAA,9,7,4,3,3,7,32,6,6,7
725,RIV,SDQ,1,0,0,0,0,1,0,2,0,0
726,RIV,SIA,7,3,0,0,0,8,10,12,16,3
727,RIV,SMD,6,5,3,3,1,9,20,4,6,9
728,RIV,RIR,0,2,0,0,0,0,0,0,0,0
729,RIV,AVA,0,0,0,1,0,0,0,0,0,0
730,RIV,RME,0,0,0,0,0,1,0,0,0,0
731,RIV,RMF,0,0,0,0,0,1,0,0,0,0
732,RIV,RIV,0,0,0,0,0,0,9,0,0,0
733,RIV,RMH,0,0,0,0,0,0,2,0,0,0
734,RIV,SMB,0,0,0,0,0,0,1,1,0,0
735,RIV,RIC,0,0,0,0,0,0,0,1,0,0
736,RIV,exc,0,0,0,0,0,0,0,1,2,0
737,RIV,ADE,0,0,0,0,0,0,0,0,1,0
738,RIV,RMG,0,0,0,0,0,0,0,0,1,0
739,RIV,OLQ,0,0,0,0,0,0,0,0,0,0
740,RIV,UK2,0,0,0,0,0,0,0,0,0,0
741,RIV,URY,0,0,0,0,0,0,0,0,0,0
742,RIV,RIM,0,0,0,0,0,0,0,0,0,1
743,RIV,RIS,0,0,0,0,0,0,0,0,0,1
744,RMD,BWM,125,49,54,49,25,152,0,210,208,107
745,RMD,GLR,1,0,2,0,0,0,0,2,0,0
746,RMD,IL1,5,5,4,5,4,2,19,9,5,4
747,RMD,IL2,2,0,2,2,2,2,1,1,0,2
748,RMD,OLL,1,4,2,1,1,0,5,1,0,0
749,RMD,RIA,25,19,12,9,7,15,79,36,44,26
750,RMD,RMD,65,43,41,35,25,48,189,77,77,66
751,RMD,RME,3,0,0,0,0,3,2,9,14,2
752,RMD,RMG,1,0,2,2,0,1,1,1,0,1
753,RMD,RMH,2,0,0,0,0,3,4,4,4,2
754,RMD,SMB,2,0,0,0,0,1,3,6,5,1
755,RMD,URA,1,0,0,0,0,0,8,0,1,0
756,RMD,URY,1,0,0,0,0,0,1,0,2,0
757,RMD,AVE,0,2,1,0,0,0,3,0,1,0
758,RMD,CEP,0,0,1,0,0,0,6,1,0,1
759,RMD,RIM,0,0,0,0,0,1,4,2,1,0
760,RMD,SMD,0,0,0,0,0,1,2,0,3,1
761,RMD,ADE,0,0,0,0,0,0,3,0,1,0
762,RMD,AVA,0,0,0,0,0,0,1,0,0,0
763,RMD,AVK,0,0,0,0,0,0,2,0,0,0
764,RMD,OLQ,0,0,0,0,0,0,5,0,0,0
765,RMD,RIB,0,0,0,0,0,0,1,0,0,0
766,RMD,RIS,0,0,0,0,0,0,2,0,0,0
767,RMD,RIV,0,0,0,0,0,0,1,0,1,0
768,RMD,RMF,0,0,0,0,0,0,1,0,5,0
769,RMD,SIA,0,0,0,0,0,0,6,2,0,2
770,RMD,SIB,0,0,0,0,0,0,5,0,2,1
771,RMD,URX,0,0,0,0,0,0,1,0,0,0
772,RMD,UK2,0,0,0,0,0,0,0,0,0,0
773,RMD,URB,0,0,0,0,0,0,0,0,0,0
774,RMH,BWM,22,0,0,0,0,24,0,26,25,24
775,RMH,CEP,1,1,0,0,0,0,1,3,0,0
776,RMH,RMD,10,1,0,0,0,5,8,13,12,6
777,RMH,RMG,2,0,0,0,0,1,8,2,1,1
778,RMH,AVK,0,1,0,0,0,2,0,2,3,0
779,RMH,RIG,0,1,0,0,0,2,0,1,3,0
780,RMH,RMF,0,0,0,0,0,3,0,4,10,0
781,RMH,URX,0,0,0,0,0,1,1,0,0,0
782,RMH,AIB,0,0,0,0,0,0,3,0,0,0
783,RMH,AVA,0,0,0,0,0,0,1,0,0,0
784,RMH,IL1,0,0,0,0,0,0,2,1,0,0
785,RMH,RIC,0,0,0,0,0,0,2,0,0,0
786,RMH,RID,0,0,0,0,0,0,1,0,0,0
787,RMH,RME,0,0,0,0,0,0,4,0,0,0
788,RMH,RMH,0,0,0,0,0,0,3,0,0,2
789,RMH,SAA,0,0,0,0,0,0,1,0,0,0
790,RMH,SMD,0,0,0,0,0,0,3,0,0,0
791,RMH,PLN,0,0,0,0,0,0,0,0,0,0
792,SAA,AVA,29,17,10,12,9,34,139,77,61,35
793,SAA,OLL,1,0,1,0,1,2,8,3,4,0
794,SAA,RIM,30,29,20,18,14,36,121,76,71,42
795,SAA,RMF,5,0,0,0,0,3,18,4,7,0
796,SAA,RMG,1,0,0,0,0,0,1,0,1,0
797,SAA,SMD,18,11,8,6,1,10,41,20,21,7
798,SAA,AVB,0,0,1,0,0,0,1,0,0,0
799,SAA,RIG,0,0,1,0,0,0,1,0,0,0
800,SAA,AIB,0,0,0,0,0,0,5,1,1,0
801,SAA,ALN,0,0,0,0,0,0,1,0,0,0
802,SAA,ASI,0,0,0,0,0,0,1,0,0,0
803,SAA,IL1,0,0,0,0,0,0,12,0,0,0
804,SAA,PLN,0,0,0,0,0,0,1,0,0,0
805,SAA,RIA,0,0,0,0,0,0,1,0,0,1
806,SAA,RIP,0,0,0,0,0,0,12,0,0,0
807,SAA,RMD,0,0,0,0,0,0,1,0,0,0
808,SAA,RME,0,0,0,0,0,0,1,0,0,0
809,SAA,SAA,0,0,0,0,0,0,1,0,0,2
810,SAA,SIB,0,0,0,0,0,0,1,0,0,0
811,SAA,SMB,0,0,0,0,0,0,6,0,0,0
812,SAA,AVE,0,0,0,0,0,0,0,0,1,0
813,SAA,ADA,0,0,0,0,0,0,0,0,0,0
814,SAA,AVK,0,0,0,0,0,0,0,0,0,0
815,SAA,DVA,0,0,0,0,0,0,0,0,0,0
816,SAA,RIC,0,0,0,0,0,0,0,0,0,0
817,SAA,RMH,0,0,0,0,0,0,0,0,0,0
818,SIB,RIC,0,0,0,0,0,1,0,0,0,0
819,SIB,SMB,0,0,0,0,0,1,1,0,0,0
820,SIB,AVD,0,0,0,0,0,0,1,0,0,0
821,SIB,PVP,0,0,0,0,0,0,1,0,0,0
822,SIB,RID,0,0,0,0,0,0,1,0,0,0
823,ADF,AIY,1,0,1,1,1,1,2,0,0,1
824,ADF,AIZ,11,12,10,9,10,18,84,19,31,17
825,ADF,AUA,7,4,3,3,4,8,21,13,3,8
826,ADF,OLQ,1,0,0,0,0,0,1,1,2,1
827,ADF,RIA,19,15,8,7,4,29,122,35,29,20
828,ADF,RIG,5,1,0,0,0,2,29,9,7,4
829,ADF,SIB,1,0,0,2,0,1,0,1,1,1
830,ADF,SMB,10,5,4,2,0,13,31,13,9,11
831,ADF,URX,1,1,1,0,1,1,11,4,2,0
832,ADF,ADA,0,2,0,0,0,0,10,1,0,0
833,ADF,ADF,0,2,0,0,0,0,1,0,0,0
834,ADF,AFD,0,2,0,0,0,0,2,0,0,1
835,ADF,AIA,0,1,1,0,1,0,2,0,2,0
836,ADF,ASH,0,1,1,0,0,0,10,0,1,1
837,ADF,RIM,0,1,0,0,0,0,0,0,0,0
838,ADF,RIR,0,2,0,3,0,1,11,6,7,4
839,ADF,ASE,0,0,1,0,2,1,0,2,0,1
840,ADF,AWA,0,0,1,0,0,0,1,0,0,0
841,ADF,AWB,0,0,1,0,0,0,6,2,2,0
842,ADF,AVH,0,0,0,3,1,3,1,2,1,1
843,ADF,DVA,0,0,0,1,0,0,0,0,0,1
844,ADF,ADL,0,0,0,0,0,0,1,0,0,0
845,ADF,AIB,0,0,0,0,0,0,3,1,2,1
846,ADF,AWC,0,0,0,0,0,0,3,0,0,0
847,ADF,BAG,0,0,0,0,0,0,6,0,1,0
848,ADF,PVP,0,0,0,0,0,0,1,0,0,0
849,ADF,RIB,0,0,0,0,0,0,4,0,0,0
850,ADF,RIH,0,0,0,0,0,0,2,0,1,0
851,ADF,RIV,0,0,0,0,0,0,1,0,0,0
852,ADF,SMD,0,0,0,0,0,0,1,0,0,0
853,ADF,URY,0,0,0,0,0,0,2,1,0,0
854,ADF,ASG,0,0,0,0,0,0,0,1,0,0
855,ADF,PVQ,0,0,0,0,0,0,0,1,0,0
856,ADF,RIC,0,0,0,0,0,0,0,1,0,0
857,ADF,AIN,0,0,0,0,0,0,0,0,0,0
858,ADF,AQR,0,0,0,0,0,0,0,0,0,0
859,ADF,AVJ,0,0,0,0,0,0,0,0,0,0
860,ADF,PVN,0,0,0,0,0,0,0,0,0,0
861,ADF,RIP,0,0,0,0,0,0,0,0,0,0
862,ADF,RMG,0,0,0,0,0,0,0,0,0,0
863,ADF,UK2,0,0,0,0,0,0,0,0,0,0
864,AIY,AFD,1,2,0,0,0,2,3,2,1,1
865,AIY,AIY,1,0,0,0,0,0,12,1,0,0
866,AIY,AIZ,21,14,12,12,8,23,219,26,23,23
867,AIY,AWA,3,0,0,1,0,0,25,1,3,2
868,AIY,AWB,1,0,2,1,0,0,1,0,2,1
869,AIY,RIA,7,6,5,6,3,5,167,11,6,10
870,AIY,RIB,7,8,6,9,5,7,168,12,12,8
871,AIY,RIR,2,0,0,1,0,1,1,1,0,0
872,AIY,ADF,0,2,2,6,3,0,1,2,1,0
873,AIY,AUA,0,1,0,0,1,0,0,0,3,0
874,AIY,BAG,0,6,1,0,2,1,1,1,3,3
875,AIY,ASE,0,0,1,0,0,4,7,4,3,0
876,AIY,AIA,0,0,0,1,0,0,0,0,0,0
877,AIY,RIV,0,0,0,1,0,0,1,0,0,0
878,AIY,SIB,0,0,0,1,1,0,0,0,0,0
879,AIY,AIB,0,0,0,0,0,0,3,1,2,0
880,AIY,AIN,0,0,0,0,0,0,1,0,0,0
881,AIY,ASG,0,0,0,0,0,0,2,0,0,0
882,AIY,AWC,0,0,0,0,0,0,8,1,0,0
883,AIY,HSN,0,0,0,0,0,0,1,0,0,0
884,AIY,RIH,0,0,0,0,0,0,1,0,0,0
885,AIY,AVB,0,0,0,0,0,0,0,0,1,0
886,AIY,RIM,0,0,0,0,0,0,0,0,1,0
887,AIY,ASH,0,0,0,0,0,0,0,0,0,0
888,AIZ,ADF,2,4,0,0,2,0,2,1,0,1
889,AIZ,AIA,9,6,2,2,2,15,17,10,22,6
890,AIZ,AIB,34,21,11,12,8,29,116,46,74,29
891,AIZ,AIY,1,0,0,0,0,0,0,0,1,1
892,AIZ,ASE,4,0,0,1,1,2,6,3,3,3
893,AIZ,AVE,11,5,4,3,4,8,58,24,20,8
894,AIZ,AVH,1,0,0,0,0,0,0,0,0,0
895,AIZ,AVK,1,0,0,0,0,0,4,0,0,0
896,AIZ,AWA,1,0,0,0,0,1,1,2,1,0
897,AIZ,AWB,1,1,0,1,0,2,0,1,2,0
898,AIZ,BAG,1,1,0,0,0,1,0,2,2,0
899,AIZ,RIA,17,12,4,7,5,21,58,24,20,15
900,AIZ,RIM,17,14,8,11,7,12,69,24,41,20
901,AIZ,SMB,40,29,11,12,10,35,95,56,48,32
902,AIZ,AVA,0,1,0,0,0,0,0,0,1,1
903,AIZ,RIB,0,1,1,1,1,1,0,0,0,1
904,AIZ,SMD,0,3,0,0,0,0,7,0,0,0
905,AIZ,SIB,0,0,0,1,0,0,0,0,0,0
906,AIZ,AFD,0,0,0,0,0,0,1,1,0,0
907,AIZ,AWC,0,0,0,0,0,0,4,3,3,1
908,AIZ,DVA,0,0,0,0,0,0,4,1,1,0
909,AIZ,RIC,0,0,0,0,0,0,11,0,0,0
910,AIZ,RIG,0,0,0,0,0,0,4,0,0,0
911,AIZ,SIA,0,0,0,0,0,0,1,0,0,0
912,AIZ,URY,0,0,0,0,0,0,3,1,0,0
913,AIZ,VB0,0,0,0,0,0,0,1,0,0,0
914,AIZ,AIZ,0,0,0,0,0,0,0,0,1,1
915,AIZ,ASG,0,0,0,0,0,0,0,0,1,0
916,AIZ,AVD,0,0,0,0,0,0,0,0,1,0
917,AIZ,RID,0,0,0,0,0,0,0,0,1,0
918,AIZ,RIH,0,0,0,0,0,0,0,0,1,0
919,AIZ,ADA,0,0,0,0,0,0,0,0,0,0
920,AIZ,AUA,0,0,0,0,0,0,0,0,0,1
921,AIZ,RIP,0,0,0,0,0,0,0,0,0,0
922,AIZ,RIR,0,0,0,0,0,0,0,0,0,0
923,AIZ,SDQ,0,0,0,0,0,0,0,0,0,0
924,AIZ,UK2,0,0,0,0,0,0,0,0,0,0
925,AUA,AVA,7,3,4,2,0,6,13,11,15,6
926,AUA,AVD,2,0,0,0,0,0,2,2,0,1
927,AUA,AVE,6,9,6,4,2,4,22,21,20,4
928,AUA,DVA,1,0,0,0,0,0,2,0,3,1
929,AUA,RIA,14,13,12,5,3,18,43,32,38,13
930,AUA,RIB,16,20,14,8,5,22,66,43,33,13
931,AUA,URX,0,2,5,0,1,1,6,3,5,3
932,AUA,URY,0,1,0,0,0,0,0,0,0,0
933,AUA,ADF,0,0,0,0,0,0,1,0,2,0
934,AUA,AIB,0,0,0,0,0,0,1,0,0,0
935,AUA,AIN,0,0,0,0,0,0,2,0,3,0
936,AUA,AIY,0,0,0,0,0,0,2,0,0,0
937,AUA,AIZ,0,0,0,0,0,0,4,0,0,0
938,AUA,BAG,0,0,0,0,0,0,4,1,0,0
939,AUA,SAA,0,0,0,0,0,0,0,1,0,0
940,AUA,RIR,0,0,0,0,0,0,0,0,1,0
941,AUA,AUA,0,0,0,0,0,0,0,0,0,0
942,AUA,RMG,0,0,0,0,0,0,0,0,0,0
943,RIA,CEP,6,4,2,3,2,1,3,4,7,12
944,RIA,OLQ,1,0,0,0,0,0,0,0,0,0
945,RIA,RIA,40,32,19,12,6,7,65,44,101,43
946,RIA,RIV,9,2,2,1,0,8,17,9,13,8
947,RIA,RMD,169,117,93,76,55,128,471,232,279,141
948,RIA,RMH,1,0,0,0,0,0,0,0,0,1
949,RIA,SIA,18,16,7,13,4,10,16,42,47,26
950,RIA,SMD,104,70,39,31,21,72,225,129,145,83
951,RIA,IL1,0,1,1,0,0,0,2,3,3,0
952,RIA,GLR,0,0,0,1,1,0,0,0,0,1
953,RIA,SMB,0,0,0,1,0,2,11,5,2,0
954,RIA,RIC,0,0,0,0,1,0,0,0,0,0
955,RIA,AIB,0,0,0,0,0,1,0,0,0,0
956,RIA,AVA,0,0,0,0,0,2,4,0,0,0
957,RIA,SDQ,0,0,0,0,0,1,0,1,0,0
958,RIA,ADF,0,0,0,0,0,0,2,0,0,0
959,RIA,AIZ,0,0,0,0,0,0,1,0,0,0
960,RIA,AQR,0,0,0,0,0,0,4,0,0,0
961,RIA,AUA,0,0,0,0,0,0,2,0,0,0
962,RIA,BAG,0,0,0,0,0,0,2,0,0,0
963,RIA,RIB,0,0,0,0,0,0,3,0,0,0
964,RIA,RIM,0,0,0,0,0,0,4,0,0,0
965,RIA,RIR,0,0,0,0,0,0,3,0,0,0
966,RIA,SAA,0,0,0,0,0,0,2,0,0,0
967,RIA,URX,0,0,0,0,0,0,2,0,0,0
968,RIA,SIB,0,0,0,0,0,0,0,1,0,0
969,RIA,RMF,0,0,0,0,0,0,0,0,1,0
970,RIA,RID,0,0,0,0,0,0,0,0,0,0
971,RIA,RIP,0,0,0,0,0,0,0,0,0,0
972,RIA,RMG,0,0,0,0,0,0,0,0,0,0
973,SMB,ADA,1,0,1,0,0,0,0,1,4,3
974,SMB,ALN,1,2,0,0,0,1,6,4,5,0
975,SMB,AVA,1,0,0,0,0,1,1,0,1,0
976,SMB,AVB,1,0,1,0,0,0,1,0,0,2
977,SMB,BWM,64,33,36,29,21,67,0,88,90,49
978,SMB,CEP,1,1,0,0,0,0,8,1,2,3
979,SMB,GLR,5,1,3,3,2,0,0,0,0,4
980,SMB,RMD,1,2,2,4,3,1,6,3,5,2
981,SMB,RME,18,6,10,9,7,23,58,19,18,6
982,SMB,SAA,21,20,9,10,9,19,47,26,31,26
983,SMB,SIA,1,0,0,0,0,1,7,0,1,1
984,SMB,SIB,1,1,1,1,0,0,0,0,2,3
985,SMB,SMD,1,0,1,2,0,0,3,0,0,0
986,SMB,SMB,0,0,0,1,0,0,9,0,0,0
987,SMB,PLN,0,0,0,0,0,3,8,3,5,0
988,SMB,ADL,0,0,0,0,0,0,2,0,0,0
989,SMB,AIM,0,0,0,0,0,0,1,0,0,0
990,SMB,AIZ,0,0,0,0,0,0,1,0,0,0
991,SMB,AVF,0,0,0,0,0,0,1,0,0,0
992,SMB,AVH,0,0,0,0,0,0,3,0,0,0
993,SMB,AVJ,0,0,0,0,0,0,1,0,0,0
994,SMB,PVP,0,0,0,0,0,0,1,0,0,0
995,SMB,RIA,0,0,0,0,0,0,1,0,0,0
996,SMB,RIH,0,0,0,0,0,0,3,0,0,1
997,SMB,RIV,0,0,0,0,0,0,1,0,0,0
998,SMB,RMG,0,0,0,0,0,0,3,0,0,0
999,SMB,RMH,0,0,0,0,0,0,0,1,0,0
1000,SMB,exc,0,0,0,0,0,0,0,1,2,0
1001,SMB,IL1,0,0,0,0,0,0,0,0,0,0
1002,SMB,RMF,0,0,0,0,0,0,0,0,0,1
1003,URX,ADA,2,0,1,1,2,1,11,5,0,2
1004,URX,AUA,19,6,9,4,5,14,35,37,31,28
1005,URX,AVB,1,0,1,0,0,0,10,3,0,0
1006,URX,AVE,3,3,0,1,0,4,11,10,7,2
1007,URX,IL2,1,1,0,0,0,0,1,4,4,0
1008,URX,RIA,25,15,12,5,5,14,35,50,50,32
1009,URX,RIC,7,4,1,4,2,6,11,11,10,4
1010,URX,RIG,11,8,3,4,2,2,13,12,19,7
1011,URX,RIR,5,7,4,0,1,0,5,9,14,6
1012,URX,RMG,2,2,0,1,0,0,11,6,3,1
1013,URX,AVH,0,0,1,0,0,1,0,2,0,0
1014,URX,PVP,0,0,1,2,0,0,0,4,0,1
1015,URX,AIB,0,0,0,1,0,0,0,0,1,0
1016,URX,IL1,0,0,0,1,0,0,2,0,1,0
1017,URX,OLQ,0,0,0,1,1,0,4,0,0,0
1018,URX,URA,0,0,0,1,0,0,0,0,0,1
1019,URX,DVA,0,0,0,0,1,0,0,1,0,0
1020,URX,SMB,0,0,0,0,0,1,7,0,1,0
1021,URX,ADF,0,0,0,0,0,0,5,0,0,0
1022,URX,ADL,0,0,0,0,0,0,3,0,0,0
1023,URX,AIM,0,0,0,0,0,0,5,0,0,0
1024,URX,AIZ,0,0,0,0,0,0,1,0,0,0
1025,URX,ALM,0,0,0,0,0,0,1,0,0,0
1026,URX,ASH,0,0,0,0,0,0,1,0,0,0
1027,URX,ASI,0,0,0,0,0,0,1,0,0,0
1028,URX,AVA,0,0,0,0,0,0,3,1,0,0
1029,URX,AVD,0,0,0,0,0,0,1,0,0,0
1030,URX,AVJ,0,0,0,0,0,0,6,1,0,1
1031,URX,AWB,0,0,0,0,0,0,2,0,0,0
1032,URX,BAG,0,0,0,0,0,0,2,0,0,0
1033,URX,CEP,0,0,0,0,0,0,2,1,0,0
1034,URX,HSN,0,0,0,0,0,0,1,0,0,0
1035,URX,RID,0,0,0,0,0,0,1,0,0,0
1036,URX,RIF,0,0,0,0,0,0,3,0,0,0
1037,URX,RIP,0,0,0,0,0,0,10,0,0,0
1038,URX,RMD,0,0,0,0,0,0,10,0,0,0
1039,URX,SIA,0,0,0,0,0,0,6,1,0,0
1040,URX,URB,0,0,0,0,0,0,8,1,0,0
1041,URX,URX,0,0,0,0,0,0,3,0,0,0
1042,URX,RMF,0,0,0,0,0,0,0,1,0,0
1043,URX,AQR,0,0,0,0,0,0,0,0,2,1
1044,URX,AIN,0,0,0,0,0,0,0,0,0,0
1045,URX,AVF,0,0,0,0,0,0,0,0,0,0
1046,URX,GLR,0,0,0,0,0,0,0,0,0,0
1047,URX,RIB,0,0,0,0,0,0,0,0,0,0
1048,URX,RMH,0,0,0,0,0,0,0,0,0,0
1049,URX,SIB,0,0,0,0,0,0,0,0,0,0
1050,URX,SMD,0,0,0,0,0,0,0,0,0,0
1051,URX,unk,0,0,0,0,0,0,0,0,0,0
1052,ADL,ADA,1,4,3,0,1,0,2,0,2,3
1053,ADL,AIA,11,10,7,4,4,9,42,14,21,8
1054,ADL,AIB,11,9,8,2,5,14,54,24,30,13
1055,ADL,ASE,3,0,4,0,1,5,15,10,3,5
1056,ADL,ASH,3,4,1,0,0,3,10,11,12,6
1057,ADL,ASK,5,9,6,5,8,2,0,2,5,6
1058,ADL,AVA,4,7,0,0,0,4,22,10,30,2
1059,ADL,AVB,1,0,0,0,0,0,19,2,1,0
1060,ADL,AVD,9,5,4,2,0,12,48,14,26,14
1061,ADL,AVE,1,0,0,0,0,0,0,2,1,0
1062,ADL,AVJ,5,2,2,2,0,1,14,8,5,8
1063,ADL,AWC,8,4,5,1,3,9,9,8,13,7
1064,ADL,CEP,1,0,0,0,1,0,1,1,0,0
1065,ADL,PVC,2,0,0,0,0,0,3,0,2,0
1066,ADL,PVP,1,0,0,0,0,1,0,1,0,0
1067,ADL,SMB,1,0,0,1,0,2,10,6,10,1
1068,ADL,ASJ,0,1,0,0,0,0,0,0,0,0
1069,ADL,OLL,0,1,0,2,0,0,1,0,0,0
1070,ADL,SIB,0,1,1,0,0,0,1,2,0,0
1071,ADL,SIA,0,0,1,0,0,0,0,0,0,0
1072,ADL,PVQ,0,0,0,0,1,0,0,2,0,1
1073,ADL,AVH,0,0,0,0,0,2,0,0,1,0
1074,ADL,AWB,0,0,0,0,0,1,3,1,2,0
1075,ADL,ADL,0,0,0,0,0,0,3,0,0,0
1076,ADL,ALA,0,0,0,0,0,0,5,0,0,0
1077,ADL,ASG,0,0,0,0,0,0,2,0,1,0
1078,ADL,AWA,0,0,0,0,0,0,1,0,2,0
1079,ADL,OLQ,0,0,0,0,0,0,3,0,2,2
1080,ADL,RIA,0,0,0,0,0,0,1,0,0,0
1081,ADL,RIC,0,0,0,0,0,0,6,0,0,0
1082,ADL,RIF,0,0,0,0,0,0,2,0,0,0
1083,ADL,RIG,0,0,0,0,0,0,1,0,0,0
1084,ADL,RIP,0,0,0,0,0,0,5,0,0,0
1085,ADL,RIR,0,0,0,0,0,0,1,0,0,0
1086,ADL,URB,0,0,0,0,0,0,6,0,0,1
1087,ADL,URX,0,0,0,0,0,0,7,0,0,0
1088,ADL,HSN,0,0,0,0,0,0,0,2,0,0
1089,ADL,PVN,0,0,0,0,0,0,0,1,0,0
1090,ADL,URY,0,0,0,0,0,0,0,0,1,0
1091,ADL,AIM,0,0,0,0,0,0,0,0,0,0
1092,ADL,ALM,0,0,0,0,0,0,0,0,0,0
1093,ADL,ASI,0,0,0,0,0,0,0,0,0,0
1094,ADL,CSS,0,0,0,0,0,0,0,0,0,0
1095,ADL,IL1,0,0,0,0,0,0,0,0,0,0
1096,ADL,IL2,0,0,0,0,0,0,0,0,0,0
1097,ADL,PVD,0,0,0,0,0,0,0,0,0,0
1098,ADL,RID,0,0,0,0,0,0,0,0,0,0
1099,ADL,RMG,0,0,0,0,0,0,0,0,0,0
1100,ADL,SMD,0,0,0,0,0,0,0,0,0,0
1101,ADL,UK2,0,0,0,0,0,0,0,0,0,0
1102,ADL,unk,0,0,0,0,0,0,0,0,0,0
1103,ASE,AFD,5,3,1,1,1,4,8,8,8,6
1104,ASE,AIA,6,1,0,1,0,8,18,5,2,4
1105,ASE,AIB,22,18,18,14,14,22,67,40,37,26
1106,ASE,AIY,32,21,18,15,19,32,104,47,49,38
1107,ASE,AIZ,1,1,0,1,1,1,2,1,1,4
1108,ASE,ASE,1,1,0,0,0,0,5,2,0,1
1109,ASE,AWC,5,7,4,4,3,14,30,11,15,13
1110,ASE,ADL,0,0,1,0,0,1,5,2,2,0
1111,ASE,AWA,0,0,1,0,0,1,1,2,1,0
1112,ASE,BAG,0,0,2,0,0,0,0,1,2,1
1113,ASE,ASI,0,0,0,0,1,0,0,1,1,0
1114,ASE,ASH,0,0,0,0,0,1,2,0,0,0
1115,ASE,RIA,0,0,0,0,0,3,2,5,1,0
1116,ASE,ADF,0,0,0,0,0,0,1,0,0,0
1117,ASE,ASJ,0,0,0,0,0,0,1,0,0,0
1118,ASE,ASK,0,0,0,0,0,0,1,0,0,0
1119,ASE,AWB,0,0,0,0,0,0,1,0,0,0
1120,ASE,IL2,0,0,0,0,0,0,1,0,0,0
1121,ASE,OLL,0,0,0,0,0,0,1,0,0,0
1122,ASE,RIR,0,0,0,0,0,0,1,0,0,0
1123,ASE,AIN,0,0,0,0,0,0,0,1,1,1
1124,ASE,HSN,0,0,0,0,0,0,0,1,0,0
1125,ASE,PVQ,0,0,0,0,0,0,0,1,0,0
1126,ASE,ASG,0,0,0,0,0,0,0,0,2,0
1127,ASE,AVE,0,0,0,0,0,0,0,0,0,0
1128,ASE,CEP,0,0,0,0,0,0,0,0,0,0
1129,ASE,RIM,0,0,0,0,0,0,0,0,0,0
1130,ASE,SIB,0,0,0,0,0,0,0,0,0,0
1131,ASK,ADL,1,0,0,0,0,1,3,4,4,0
1132,ASK,AIA,30,14,12,11,5,36,69,42,55,22
1133,ASK,AIB,6,4,0,0,0,7,12,15,12,0
1134,ASK,AIM,10,0,1,0,0,8,10,12,13,4
1135,ASK,ASJ,1,0,0,1,0,1,1,0,0,0
1136,ASK,AIN,0,1,0,0,0,0,0,2,1,0
1137,ASK,PVQ,0,1,0,0,0,0,0,0,2,0
1138,ASK,ADA,0,0,1,0,0,0,0,0,1,0
1139,ASK,RIF,0,0,0,1,0,0,1,0,0,0
1140,ASK,ASE,0,0,0,0,0,2,5,0,2,0
1141,ASK,ALA,0,0,0,0,0,0,1,0,0,0
1142,ASK,ASG,0,0,0,0,0,0,1,1,1,0
1143,ASK,AWA,0,0,0,0,0,0,2,0,0,0
1144,ASK,CEP,0,0,0,0,0,0,2,0,0,0
1145,ASK,HSN,0,0,0,0,0,0,2,3,3,0
1146,ASK,ASH,0,0,0,0,0,0,0,1,0,1
1147,ASK,ASI,0,0,0,0,0,0,0,1,1,0
1148,ASK,AVD,0,0,0,0,0,0,0,1,0,0
1149,ASK,AVJ,0,0,0,0,0,0,0,1,0,0
1150,ASK,PVN,0,0,0,0,0,0,0,1,0,0
1151,ASK,RMG,0,0,0,0,0,0,0,1,0,0
1152,ASK,ASK,0,0,0,0,0,0,0,0,1,1
1153,ASK,AVF,0,0,0,0,0,0,0,0,2,0
1154,ASK,AWB,0,0,0,0,0,0,0,0,1,0
1155,ASK,SIB,0,0,0,0,0,0,0,0,1,0
1156,ASK,SMD,0,0,0,0,0,0,0,0,1,0
1157,AVE,AIZ,0,0,0,0,0,0,1,0,0,0
1158,AVE,ALM,0,0,0,0,0,0,1,0,0,0
1159,AVE,CEP,0,0,0,0,0,0,1,0,0,0
1160,AVE,OLL,0,0,0,0,0,0,1,0,0,0
1161,AVE,RIM,0,0,0,0,0,0,1,0,0,0
1162,AVE,RMG,0,0,0,0,0,0,3,0,0,0
1163,AVE,URX,0,0,0,0,0,0,1,0,0,0
1164,AVE,RVN,0,0,0,0,0,0,0,0,0,0
1165,AVE,SAB,0,0,0,0,0,0,0,0,0,0
1166,AVE,VA1,0,0,0,0,0,0,0,0,0,0
1167,AWC,AIA,13,10,9,7,10,19,15,22,22,15
1168,AWC,AIB,22,20,15,10,11,24,35,22,30,24
1169,AWC,AIY,17,14,12,11,4,17,56,25,34,20
1170,AWC,AIZ,2,0,0,1,0,0,1,2,3,4
1171,AWC,ASE,3,8,4,4,1,7,14,7,6,7
1172,AWC,ASG,1,0,1,0,0,0,4,0,0,1
1173,AWC,ASI,1,0,0,0,0,0,5,1,2,2
1174,AWC,AWC,14,8,5,7,2,17,28,24,22,19
1175,AWC,ADL,0,1,0,0,1,0,0,0,0,2
1176,AWC,AIN,0,2,0,0,0,0,0,0,0,1
1177,AWC,BAG,0,0,1,0,0,2,0,3,4,0
1178,AWC,IL1,0,0,0,1,0,0,0,0,1,0
1179,AWC,IL2,0,0,0,1,0,0,2,1,1,0
1180,AWC,RIA,0,0,0,0,0,1,9,0,0,0
1181,AWC,ADF,0,0,0,0,0,0,1,0,0,0
1182,AWC,AFD,0,0,0,0,0,0,2,0,2,0
1183,AWC,ASH,0,0,0,0,0,0,1,0,0,0
1184,AWC,AVA,0,0,0,0,0,0,1,0,0,0
1185,AWC,RIV,0,0,0,0,0,0,3,0,0,0
1186,AWC,SMD,0,0,0,0,0,0,1,0,0,0
1187,AWC,ASK,0,0,0,0,0,0,0,1,0,0
1188,AWC,OLL,0,0,0,0,0,0,0,1,0,0
1189,AWC,CEP,0,0,0,0,0,0,0,0,1,0
1190,AWC,RMF,0,0,0,0,0,0,0,0,2,0
1191,AWC,ASJ,0,0,0,0,0,0,0,0,0,0
1192,AWC,AWA,0,0,0,0,0,0,0,0,0,0
1193,AWC,AWB,0,0,0,0,0,0,0,0,0,0
1194,AWC,PVN,0,0,0,0,0,0,0,0,0,0
1195,AWC,RIS,0,0,0,0,0,0,0,0,0,0
1196,AWC,RMG,0,0,0,0,0,0,0,0,0,0
1197,PVC,AVA,4,2,1,1,0,3,9,7,8,9
1198,PVC,AVB,21,7,8,4,3,28,77,34,33,7
1199,PVC,AVD,13,4,2,1,1,11,35,13,12,2
1200,PVC,AVE,6,4,3,2,1,6,30,11,8,3
1201,PVC,AVJ,1,0,1,0,0,0,5,2,5,0
1202,PVC,FLP,1,2,0,0,0,0,2,0,1,0
1203,PVC,PVC,1,2,0,0,0,1,12,0,1,0
1204,PVC,RID,8,4,3,1,1,5,27,10,6,1
1205,PVC,RIS,1,1,0,0,1,0,2,1,1,0
1206,PVC,SIA,1,2,1,2,3,2,0,1,0,0
1207,PVC,SIB,4,4,0,0,1,1,12,6,13,0
1208,PVC,AVH,0,0,1,1,0,0,1,0,2,0
1209,PVC,BDU,0,0,0,0,1,0,0,0,0,0
1210,PVC,RIH,0,0,0,0,1,0,0,0,0,0
1211,PVC,SMB,0,0,0,0,1,0,3,0,0,0
1212,PVC,ADL,0,0,0,0,0,0,2,0,0,0
1213,PVC,AQR,0,0,0,0,0,0,2,0,1,2
1214,PVC,ASH,0,0,0,0,0,0,2,0,0,0
1215,PVC,PVP,0,0,0,0,0,0,1,0,0,0
1216,PVC,ADA,0,0,0,0,0,0,0,1,1,1
1217,PVC,SDQ,0,0,0,0,0,0,0,1,0,0
1218,PVC,AVK,0,0,0,0,0,0,0,0,1,0
1219,PVC,SAA,0,0,0,0,0,0,0,0,1,0
1220,PVC,DVA,0,0,0,0,0,0,0,0,0,1
1221,PVC,RIF,0,0,0,0,0,0,0,0,0,0
1222,PVC,RIM,0,0,0,0,0,0,0,0,0,0
1223,PVC,RIP,0,0,0,0,0,0,0,0,0,0
1224,PVC,RVN,0,0,0,0,0,0,0,0,0,0
1225,PVC,UNK,0,0,0,0,0,0,0,0,0,0
1226,PVC,URX,0,0,0,0,0,0,0,0,0,0
1227,PVC,ant,0,0,0,0,0,0,0,0,0,0
1228,PVC,ADE,0,0,0,0,0,0,0,0,0,1
1229,AFD,AIY,15,11,8,5,6,13,56,27,20,16
1230,AFD,ASE,1,0,1,0,0,0,7,2,1,1
1231,AFD,AWA,1,1,0,0,0,0,0,0,0,0
1232,AFD,AIZ,0,1,0,0,0,0,0,0,1,1
1233,AFD,BAG,0,3,0,0,0,1,0,0,3,1
1234,AFD,AIB,0,0,1,0,0,0,1,0,0,0
1235,AFD,AWC,0,0,1,0,0,0,0,0,0,0
1236,AFD,ADF,0,0,0,0,1,0,0,0,0,1
1237,AFD,AFD,0,0,0,0,0,0,2,0,0,0
1238,AFD,AIN,0,0,0,0,0,0,3,0,1,0
1239,AFD,AWB,0,0,0,0,0,0,4,0,1,0
1240,AFD,ASH,0,0,0,0,0,0,0,0,0,0
1241,AFD,AUA,0,0,0,0,0,0,0,0,0,1
1242,AFD,SIB,0,0,0,0,0,0,0,0,0,0
1243,AWA,ADF,4,0,1,0,2,2,12,3,3,1
1244,AWA,ADL,1,3,5,2,3,1,0,1,3,2
1245,AWA,AFD,4,1,0,0,0,8,30,9,11,5
1246,AWA,AIY,3,2,1,1,2,3,11,7,9,2
1247,AWA,AIZ,12,7,4,2,0,16,51,26,26,13
1248,AWA,ASE,4,6,4,4,2,1,12,10,12,7
1249,AWA,ASH,3,0,0,0,0,1,2,3,2,0
1250,AWA,AVB,1,0,0,0,0,0,0,0,0,0
1251,AWA,AWB,9,10,8,5,5,3,14,9,11,12
1252,AWA,RIF,1,0,0,0,0,2,6,5,1,0
1253,AWA,AIA,0,2,2,2,3,0,3,4,4,4
1254,AWA,AWA,0,1,0,1,0,0,0,0,0,1
1255,AWA,ASJ,0,0,1,0,0,0,0,0,0,0
1256,AWA,AVH,0,0,1,0,0,0,0,0,0,0
1257,AWA,SMB,0,0,1,0,0,0,0,0,0,0
1258,AWA,AWC,0,0,0,1,0,0,0,0,0,0
1259,AWA,PVQ,0,0,0,1,2,0,0,0,1,0
1260,AWA,ASK,0,0,0,0,1,0,0,2,0,0
1261,AWA,ADA,0,0,0,0,0,0,2,1,0,0
1262,AWA,ASG,0,0,0,0,0,0,2,0,2,0
1263,AWA,ASI,0,0,0,0,0,0,2,0,1,0
1264,AWA,AUA,0,0,0,0,0,0,1,2,0,1
1265,AWA,RIG,0,0,0,0,0,0,6,0,1,0
1266,AWA,RIR,0,0,0,0,0,0,2,0,0,0
1267,AWA,AIB,0,0,0,0,0,0,0,1,0,0
1268,AWA,HSN,0,0,0,0,0,0,0,1,2,0
1269,AWA,AIM,0,0,0,0,0,0,0,0,1,0
1270,AWA,AIN,0,0,0,0,0,0,0,0,0,0
1271,AWA,CEP,0,0,0,0,0,0,0,0,0,0
1272,AWA,PVN,0,0,0,0,0,0,0,0,0,0
1273,AWA,RIA,0,0,0,0,0,0,0,0,0,0
1274,AWA,RIH,0,0,0,0,0,0,0,0,0,0
1275,AWA,RIM,0,0,0,0,0,0,0,0,0,0
1276,AWA,UK2,0,0,0,0,0,0,0,0,0,0
1277,AWA,RIB,0,0,0,0,0,0,0,0,0,1
1278,ASG,AIA,13,13,9,7,7,23,126,29,19,17
1279,ASG,AIB,6,1,1,1,0,7,23,7,4,2
1280,ASG,AIM,0,3,3,3,3,0,0,2,3,2
1281,ASG,AWC,0,0,2,0,0,0,0,1,0,0
1282,ASG,ASE,0,0,0,1,0,0,3,0,0,1
1283,ASG,ASJ,0,0,0,0,1,0,0,1,1,0
1284,ASG,AIN,0,0,0,0,0,0,3,0,0,0
1285,ASG,AIY,0,0,0,0,0,0,1,0,0,0
1286,ASG,ASK,0,0,0,0,0,0,3,0,0,0
1287,ASG,AIZ,0,0,0,0,0,0,0,0,1,0
1288,ASG,CEP,0,0,0,0,0,0,0,0,2,0
1289,ASG,AVB,0,0,0,0,0,0,0,0,0,0
1290,ASG,AVE,0,0,0,0,0,0,0,0,0,0
1291,RIF,ADA,2,1,3,0,0,1,0,0,2,1
1292,RIF,ALM,1,1,0,1,1,0,5,3,2,2
1293,RIF,ASH,3,2,3,4,5,2,6,3,1,2
1294,RIF,AUA,1,0,0,0,0,0,0,0,0,0
1295,RIF,AVB,17,10,9,10,6,27,71,30,31,18
1296,RIF,AVF,2,0,0,0,0,0,1,6,1,0
1297,RIF,AVH,2,0,0,0,0,0,1,3,7,2
1298,RIF,AVJ,7,5,7,9,3,9,11,5,5,7
1299,RIF,BDU,1,4,0,0,0,0,0,1,2,0
1300,RIF,PVP,6,2,0,1,0,6,15,3,9,1
1301,RIF,RIM,7,3,4,3,0,8,26,17,11,9
1302,RIF,PVC,0,1,0,0,0,1,2,0,0,0
1303,RIF,AVE,0,0,0,0,1,0,0,0,1,0
1304,RIF,CEP,0,0,0,0,1,0,2,0,0,0
1305,RIF,PVQ,0,0,0,0,1,0,0,0,0,0
1306,RIF,AVD,0,0,0,0,0,1,0,1,2,0
1307,RIF,PVN,0,0,0,0,0,2,0,3,0,0
1308,RIF,RIA,0,0,0,0,0,1,1,0,0,0
1309,RIF,URA,0,0,0,0,0,1,0,0,0,0
1310,RIF,ADL,0,0,0,0,0,0,1,0,0,0
1311,RIF,AIZ,0,0,0,0,0,0,1,0,0,0
1312,RIF,AWB,0,0,0,0,0,0,2,0,0,0
1313,RIF,HSN,0,0,0,0,0,0,5,2,1,0
1314,RIF,RIF,0,0,0,0,0,0,1,0,0,0
1315,RIF,RIP,0,0,0,0,0,0,2,0,0,0
1316,RIF,URX,0,0,0,0,0,0,3,0,1,0
1317,RIF,AIA,0,0,0,0,0,0,0,2,0,0
1318,RIF,AIB,0,0,0,0,0,0,0,1,0,0
1319,RIF,AIM,0,0,0,0,0,0,0,2,0,0
1320,RIF,AQR,0,0,0,0,0,0,0,1,0,0
1321,RIF,RMG,0,0,0,0,0,0,0,1,0,0
1322,RIF,AVA,0,0,0,0,0,0,0,0,1,0
1323,RIF,ASG,0,0,0,0,0,0,0,0,0,0
1324,RIF,DVA,0,0,0,0,0,0,0,0,0,0
1325,RIF,SIA,0,0,0,0,0,0,0,0,0,0
1326,RIF,UNK,0,0,0,0,0,0,0,0,0,0
1327,RIF,URY,0,0,0,0,0,0,0,0,0,0
1328,RIF,SDQ,0,0,0,0,0,0,0,0,0,2
1329,BAG,AIZ,1,0,0,0,0,0,2,0,0,0
1330,BAG,AVA,2,0,0,0,0,4,7,4,11,1
1331,BAG,AVE,13,7,0,2,2,3,17,11,19,15
1332,BAG,BAG,1,0,0,0,0,0,4,0,2,0
1333,BAG,RIA,18,7,6,6,4,11,36,26,34,10
1334,BAG,RIB,22,12,5,6,5,7,42,19,37,21
1335,BAG,RIG,5,3,2,2,0,3,20,12,6,5
1336,BAG,AIN,0,0,1,0,0,1,1,0,0,1
1337,BAG,AFD,0,0,0,0,0,2,0,0,1,0
1338,BAG,AIY,0,0,0,0,0,4,3,2,2,0
1339,BAG,AQR,0,0,0,0,0,1,3,0,0,0
1340,BAG,AUA,0,0,0,0,0,1,2,0,0,0
1341,BAG,AWC,0,0,0,0,0,1,0,0,0,0
1342,BAG,OLQ,0,0,0,0,0,1,2,0,0,0
1343,BAG,ADF,0,0,0,0,0,0,1,0,0,0
1344,BAG,AIB,0,0,0,0,0,0,2,3,2,0
1345,BAG,CEP,0,0,0,0,0,0,2,0,0,0
1346,BAG,RID,0,0,0,0,0,0,3,2,0,0
1347,BAG,RIP,0,0,0,0,0,0,1,0,0,0
1348,BAG,RIV,0,0,0,0,0,0,2,0,0,0
1349,BAG,SMD,0,0,0,0,0,0,1,0,0,0
1350,BAG,URA,0,0,0,0,0,0,1,0,0,0
1351,BAG,URX,0,0,0,0,0,0,1,2,0,0
1352,BAG,AVD,0,0,0,0,0,0,0,1,0,0
1353,BAG,PVP,0,0,0,0,0,0,0,2,0,0
1354,BAG,RMF,0,0,0,0,0,0,0,9,6,0
1355,BAG,RIR,0,0,0,0,0,0,0,0,1,0
1356,DVA,ADA,1,0,1,0,0,0,0,1,1,1
1357,DVA,AIZ,6,3,4,4,3,0,8,7,4,5
1358,DVA,AQR,4,0,0,0,0,3,6,4,4,2
1359,DVA,AVA,5,1,1,0,1,3,9,2,3,1
1360,DVA,AVB,1,0,0,0,1,1,2,1,1,0
1361,DVA,AVD,1,0,0,0,0,0,2,0,1,0
1362,DVA,AVE,11,8,5,6,3,9,36,23,14,10
1363,DVA,FLP,1,0,0,0,0,0,0,1,1,0
1364,DVA,PVC,1,0,0,0,0,0,3,0,2,0
1365,DVA,PVP,1,0,0,0,0,1,3,1,0,2
1366,DVA,RIH,1,0,0,0,0,1,0,1,1,0
1367,DVA,RIM,1,0,0,0,0,0,5,1,1,0
1368,DVA,RIR,4,3,2,3,1,3,4,4,2,3
1369,DVA,SDQ,1,0,0,0,0,1,0,1,0,0
1370,DVA,SIA,1,0,0,2,0,3,0,2,0,1
1371,DVA,SIB,1,0,0,0,0,0,0,0,1,2
1372,DVA,AUA,0,2,0,3,1,2,12,8,5,1
1373,DVA,URY,0,3,0,0,0,0,3,1,2,1
1374,DVA,AIB,0,0,1,0,0,0,0,0,0,0
1375,DVA,RIG,0,0,1,0,0,0,0,0,0,0
1376,DVA,RIC,0,0,0,1,0,1,0,0,0,0
1377,DVA,PVR,0,0,0,0,0,1,0,0,0,0
1378,DVA,RIB,0,0,0,0,0,1,0,0,2,0
1379,DVA,RID,0,0,0,0,0,1,0,0,0,0
1380,DVA,RME,0,0,0,0,0,1,0,0,0,0
1381,DVA,SMB,0,0,0,0,0,1,23,6,6,0
1382,DVA,URX,0,0,0,0,0,1,1,1,0,1
1383,DVA,RIA,0,0,0,0,0,0,11,2,3,0
1384,DVA,SAA,0,0,0,0,0,0,9,0,0,0
1385,DVA,SAB,0,0,0,0,0,0,3,0,0,0
1386,DVA,SMD,0,0,0,0,0,0,1,0,0,0
1387,DVA,VB0,0,0,0,0,0,0,1,0,0,0
1388,DVA,RMF,0,0,0,0,0,0,0,1,0,0
1389,DVA,ADE,0,0,0,0,0,0,0,0,1,0
1390,DVA,OLQ,0,0,0,0,0,0,0,0,2,2
1391,DVA,RIP,0,0,0,0,0,0,0,0,1,2
1392,DVA,AVK,0,0,0,0,0,0,0,0,0,0
1393,DVA,CEP,0,0,0,0,0,0,0,0,0,0
1394,DVA,RIV,0,0,0,0,0,0,0,0,0,0
1395,RIB,AIB,4,2,3,1,1,6,11,11,10,6
1396,RIB,AUA,1,0,1,1,0,3,11,3,3,2
1397,RIB,AVA,2,2,2,5,3,3,11,5,6,1
1398,RIB,AVD,1,2,2,2,1,1,4,3,0,1
1399,RIB,AVE,12,12,7,9,2,13,33,25,29,17
1400,RIB,BAG,11,5,5,3,3,10,11,14,16,6
1401,RIB,DVA,2,0,0,1,0,0,0,1,1,1
1402,RIB,RIA,4,5,4,1,3,6,14,4,8,5
1403,RIB,RIG,1,0,1,0,0,0,6,1,3,0
1404,RIB,RIM,1,0,0,1,0,1,1,3,0,0
1405,RIB,RIS,1,3,2,2,1,1,6,3,5,1
1406,RIB,SMD,3,6,1,2,0,7,12,6,7,7
1407,RIB,AIZ,0,1,0,0,0,1,2,0,1,2
1408,RIB,OLL,0,1,1,0,0,0,1,2,1,0
1409,RIB,OLQ,0,1,0,0,0,0,0,0,0,0
1410,RIB,RID,0,1,0,0,0,0,0,0,0,0
1411,RIB,URY,0,2,0,0,0,3,5,4,5,2
1412,RIB,CEP,0,0,1,0,1,0,5,0,2,0
1413,RIB,AVB,0,0,0,1,0,1,3,0,0,0
1414,RIB,RIH,0,0,0,0,0,1,2,1,1,0
1415,RIB,AIN,0,0,0,0,0,0,1,0,0,0
1416,RIB,DVC,0,0,0,0,0,0,1,0,0,0
1417,RIB,RMD,0,0,0,0,0,0,2,0,3,2
1418,RIB,RME,0,0,0,0,0,0,1,0,0,0
1419,RIB,RMF,0,0,0,0,0,0,0,0,2,0
1420,RMF,AVK,16,0,0,0,0,9,39,19,30,0
1421,RMF,DVC,1,0,0,0,0,0,3,0,1,0
1422,RMF,PVT,1,0,0,0,0,0,3,2,1,0
1423,RMF,RMD,11,0,0,0,0,12,20,17,25,0
1424,RMF,AIB,0,0,0,0,0,2,0,4,1,0
1425,RMF,BWM,0,0,0,0,0,31,0,15,44,0
1426,RMF,BAG,0,0,0,0,0,0,1,2,3,0
1427,RMF,RIB,0,0,0,0,0,0,1,1,0,0
1428,RMF,RIH,0,0,0,0,0,0,1,0,0,0
1429,RMF,RIM,0,0,0,0,0,0,2,2,1,0
1430,RMF,RIS,0,0,0,0,0,0,1,0,2,0
1431,RMF,RMH,0,0,0,0,0,0,2,5,11,0
1432,RMF,SAA,0,0,0,0,0,0,1,1,0,0
1433,RMF,SMD,0,0,0,0,0,0,1,0,0,0
1434,RMF,CEP,0,0,0,0,0,0,0,2,3,0
1435,RMF,IL1,0,0,0,0,0,0,0,1,1,0
1436,RMF,RMF,0,0,0,0,0,0,0,3,0,0
1437,RMF,RMG,0,0,0,0,0,0,0,1,1,0
1438,RMF,AVE,0,0,0,0,0,0,0,0,1,0
1439,RMF,AWC,0,0,0,0,0,0,0,0,1,0
1440,RMF,RIG,0,0,0,0,0,0,0,0,3,0
1441,RMF,RIV,0,0,0,0,0,0,0,0,1,0
1442,RMF,RME,0,0,0,0,0,0,0,0,1,0
1443,RMF,SMB,0,0,0,0,0,0,0,0,0,0
1444,RMF,URA,0,0,0,0,0,0,0,0,0,0
1445,SIA,SAA,0,0,0,0,0,4,0,0,0,0
1446,SIA,ADE,0,0,0,0,0,0,1,0,0,0
1447,SIA,ALM,0,0,0,0,0,0,1,0,0,0
1448,SIA,ALN,0,0,0,0,0,0,4,0,0,0
1449,SIA,AVA,0,0,0,0,0,0,1,0,0,0
1450,SIA,AVF,0,0,0,0,0,0,1,0,0,0
1451,SIA,CEP,0,0,0,0,0,0,1,0,0,0
1452,SIA,IL1,0,0,0,0,0,0,1,0,0,0
1453,SIA,IL2,0,0,0,0,0,0,1,0,0,0
1454,SIA,RMD,0,0,0,0,0,0,5,0,0,0
1455,SIA,SMB,0,0,0,0,0,0,2,0,0,0
1456,SMD,ALN,1,0,0,0,0,1,5,0,0,0
1457,SMD,BWM,16,13,12,12,10,27,0,29,34,27
1458,SMD,CEP,1,0,1,1,3,4,2,6,2,6
1459,SMD,RIA,46,35,21,22,19,39,121,55,59,32
1460,SMD,RIM,2,0,0,0,0,0,7,3,3,2
1461,SMD,RMD,3,2,2,0,1,0,11,3,5,2
1462,SMD,RME,1,0,2,0,0,0,23,1,0,1
1463,SMD,SAA,1,0,0,0,0,3,1,0,0,0
1464,SMD,SIA,1,0,0,0,0,0,1,1,0,0
1465,SMD,SMD,14,11,9,13,5,14,65,28,28,8
1466,SMD,AIB,0,0,0,0,0,0,1,0,0,0
1467,SMD,AIZ,0,0,0,0,0,0,2,0,0,0
1468,SMD,ASG,0,0,0,0,0,0,1,0,0,0
1469,SMD,ASJ,0,0,0,0,0,0,1,0,0,0
1470,SMD,AVA,0,0,0,0,0,0,1,0,0,0
1471,SMD,AVE,0,0,0,0,0,0,4,0,0,0
1472,SMD,IL2,0,0,0,0,0,0,1,0,0,0
1473,SMD,PVR,0,0,0,0,0,0,1,0,0,0
1474,SMD,RIB,0,0,0,0,0,0,2,0,0,0
1475,SMD,RIS,0,0,0,0,0,0,5,1,2,0
1476,SMD,RIV,0,0,0,0,0,0,8,0,0,0
1477,SMD,SIB,0,0,0,0,0,0,3,0,0,0
1478,SMD,VB0,0,0,0,0,0,0,1,0,0,0
1479,SMD,URY,0,0,0,0,0,0,0,1,0,0
1480,SMD,OLL,0,0,0,0,0,0,0,0,1,0
1481,SMD,IL1,0,0,0,0,0,0,0,0,0,0
1482,SMD,RIC,0,0,0,0,0,0,0,0,0,0
1483,SMD,RMF,0,0,0,0,0,0,0,0,0,0
1484,SMD,RMG,0,0,0,0,0,0,0,0,0,0
1485,SMD,URX,0,0,0,0,0,0,0,0,0,0
1486,AIM,AIA,12,6,9,9,6,13,24,15,19,10
1487,AIM,ASG,8,5,5,9,4,8,16,13,14,7
1488,AIM,ASJ,4,1,0,5,3,4,6,1,4,0
1489,AIM,ASK,4,2,1,1,1,3,11,6,8,5
1490,AIM,AVB,1,1,0,0,0,0,0,3,3,0
1491,AIM,AVF,6,0,0,0,0,1,16,10,8,6
1492,AIM,AVH,1,0,0,0,0,0,5,0,0,0
1493,AIM,AWB,1,0,0,0,0,0,0,2,2,0
1494,AIM,CEP,4,0,0,0,1,1,4,7,13,8
1495,AIM,RMG,1,0,0,0,0,0,8,1,0,0
1496,AIM,SIB,1,1,0,0,0,0,0,0,1,2
1497,AIM,SMB,1,0,0,0,0,0,4,2,2,0
1498,AIM,URX,1,0,0,0,0,1,6,1,0,1
1499,AIM,AIM,0,1,0,0,0,0,1,2,1,0
1500,AIM,ALM,0,2,0,0,0,0,1,1,2,3
1501,AIM,ASH,0,2,1,0,0,0,0,4,2,0
1502,AIM,AVD,0,1,0,0,0,1,3,2,3,2
1503,AIM,PVQ,0,0,1,0,0,0,1,0,0,0
1504,AIM,AWC,0,0,0,0,1,0,0,0,0,0
1505,AIM,ADF,0,0,0,0,0,2,2,0,0,0
1506,AIM,AIB,0,0,0,0,0,1,0,0,0,1
1507,AIM,AIY,0,0,0,0,0,1,0,1,0,0
1508,AIM,AVE,0,0,0,0,0,1,0,0,0,1
1509,AIM,ALA,0,0,0,0,0,0,2,0,0,0
1510,AIM,AVA,0,0,0,0,0,0,1,1,1,0
1511,AIM,AVJ,0,0,0,0,0,0,2,1,2,0
1512,AIM,BDU,0,0,0,0,0,0,2,0,0,0
1513,AIM,HSN,0,0,0,0,0,0,6,3,0,0
1514,AIM,OLQ,0,0,0,0,0,0,1,0,0,0
1515,AIM,PVN,0,0,0,0,0,0,1,2,0,0
1516,AIM,RID,0,0,0,0,0,0,3,2,0,0
1517,AIM,RIF,0,0,0,0,0,0,5,2,4,0
1518,AIM,RMD,0,0,0,0,0,0,1,0,0,0
1519,AIM,ADA,0,0,0,0,0,0,0,1,2,0
1520,AIM,AIZ,0,0,0,0,0,0,0,1,3,0
1521,AIM,RIC,0,0,0,0,0,0,0,1,0,0
1522,AIM,SDQ,0,0,0,0,0,0,0,1,0,0
1523,AIM,SIA,0,0,0,0,0,0,0,1,1,0
1524,AIM,ADL,0,0,0,0,0,0,0,0,0,0
1525,AIM,UK2,0,0,0,0,0,0,0,0,0,0
1526,AIM,ASI,0,0,0,0,0,0,0,0,0,1
1527,AIM,SMD,0,0,0,0,0,0,0,0,0,1
1528,ASJ,ASK,5,6,6,4,1,10,30,11,8,9
1529,ASJ,CEP,2,0,2,3,1,0,1,1,1,5
1530,ASJ,PVQ,16,15,10,10,5,21,63,24,27,16
1531,ASJ,AIA,0,0,1,0,1,0,0,1,1,1
1532,ASJ,AIM,0,0,1,0,0,0,0,0,0,0
1533,ASJ,AWA,0,0,2,0,0,0,0,0,0,0
1534,ASJ,ALA,0,0,0,0,0,0,3,0,2,0
1535,ASJ,HSN,0,0,0,0,0,0,3,2,0,0
1536,ASJ,ASG,0,0,0,0,0,0,0,1,0,0
1537,ASJ,PVN,0,0,0,0,0,0,0,1,0,0
1538,ASJ,AIN,0,0,0,0,0,0,0,0,1,0
1539,ASJ,ADL,0,0,0,0,0,0,0,0,0,0
1540,ASJ,AIB,0,0,0,0,0,0,0,0,0,0
1541,ASJ,ALN,0,0,0,0,0,0,0,0,0,0
1542,ASJ,AVF,0,0,0,0,0,0,0,0,0,1
1543,ASJ,RIF,0,0,0,0,0,0,0,0,0,0
1544,ASJ,RIS,0,0,0,0,0,0,0,0,0,0
1545,ASJ,SAA,0,0,0,0,0,0,0,0,0,0
1546,AVF,AVB,3,0,0,0,0,5,13,6,6,2
1547,AVF,AVF,2,0,0,0,0,1,14,3,7,3
1548,AVF,ADE,0,0,0,0,0,1,0,0,0,0
1549,AVF,AIA,0,0,0,0,0,1,1,0,1,0
1550,AVF,ASK,0,0,0,0,0,1,0,0,1,0
1551,AVF,BDU,0,0,0,0,0,1,0,2,4,1
1552,AVF,PVN,0,0,0,0,0,1,0,6,2,0
1553,AVF,PVQ,0,0,0,0,0,1,2,1,4,8
1554,AVF,RIF,0,0,0,0,0,5,2,2,5,1
1555,AVF,RMG,0,0,0,0,0,3,1,0,0,1
1556,AVF,SMB,0,0,0,0,0,1,1,0,1,0
1557,AVF,AIM,0,0,0,0,0,0,2,1,1,0
1558,AVF,ASH,0,0,0,0,0,0,1,0,0,1
1559,AVF,AVJ,0,0,0,0,0,0,3,2,1,0
1560,AVF,HSN,0,0,0,0,0,0,10,4,9,0
1561,AVF,RMD,0,0,0,0,0,0,1,0,0,0
1562,AVF,ADA,0,0,0,0,0,0,0,1,0,0
1563,AVF,AQR,0,0,0,0,0,0,0,1,0,0
1564,AVF,AVE,0,0,0,0,0,0,0,1,0,0
1565,AVF,AVM,0,0,0,0,0,0,0,1,0,0
1566,AVF,AWA,0,0,0,0,0,0,0,1,0,0
1567,AVF,AWB,0,0,0,0,0,0,0,1,0,0
1568,AVF,DVA,0,0,0,0,0,0,0,3,1,0
1569,AVF,SIA,0,0,0,0,0,0,0,1,0,0
1570,AVF,SMD,0,0,0,0,0,0,0,1,0,0
1571,AVF,ASJ,0,0,0,0,0,0,0,0,2,0
1572,AVF,AVA,0,0,0,0,0,0,0,0,2,0
1573,AVF,AVH,0,0,0,0,0,0,0,0,1,0
1574,AVF,AVK,0,0,0,0,0,0,0,0,1,0
1575,AVF,RID,0,0,0,0,0,0,0,0,1,0
1576,AVF,URA,0,0,0,0,0,0,0,0,1,0
1577,AVF,CEP,0,0,0,0,0,0,0,0,0,2
1578,AVF,PVD,0,0,0,0,0,0,0,0,0,0
1579,AVF,ALM,0,0,0,0,0,0,0,0,0,2
1580,AWB,ADF,17,12,6,3,3,17,32,23,21,12
1581,AWB,AIY,1,0,0,0,0,0,2,1,1,0
1582,AWB,AIZ,15,4,5,4,3,7,23,13,14,12
1583,AWB,ASH,1,2,0,0,0,0,4,0,1,1
1584,AWB,AUA,1,1,0,0,0,0,0,1,2,0
1585,AWB,RIA,3,1,0,0,0,2,13,3,2,1
1586,AWB,RIF,1,0,0,0,0,0,1,0,0,0
1587,AWB,RIG,3,0,0,0,0,0,2,2,4,1
1588,AWB,SMB,3,2,1,0,0,9,5,3,3,2
1589,AWB,ASE,0,1,0,0,1,0,2,1,0,2
1590,AWB,AVH,0,4,0,1,2,0,2,0,3,2
1591,AWB,RIB,0,1,0,0,0,1,0,1,0,0
1592,AWB,RIR,0,3,0,0,0,1,7,0,2,0
1593,AWB,URX,0,2,1,0,0,0,0,0,0,0
1594,AWB,AWA,0,0,1,0,0,0,2,2,2,0
1595,AWB,AIA,0,0,0,2,1,0,4,1,5,1
1596,AWB,AIB,0,0,0,0,0,0,1,0,0,0
1597,AWB,AIM,0,0,0,0,0,0,1,0,1,0
1598,AWB,ASG,0,0,0,0,0,0,1,0,0,0
1599,AWB,AVB,0,0,0,0,0,0,4,0,0,0
1600,AWB,AWC,0,0,0,0,0,0,1,0,0,0
1601,AWB,HSN,0,0,0,0,0,0,5,1,0,0
1602,AWB,OLQ,0,0,0,0,0,0,1,0,0,0
1603,AWB,URY,0,0,0,0,0,0,1,0,0,0
1604,AWB,SIA,0,0,0,0,0,0,0,1,0,0
1605,AWB,SIB,0,0,0,0,0,0,0,1,0,0
1606,AWB,ADA,0,0,0,0,0,0,0,0,0,0
1607,AWB,ADL,0,0,0,0,0,0,0,0,0,0
1608,AWB,ALM,0,0,0,0,0,0,0,0,0,0
1609,AWB,ASI,0,0,0,0,0,0,0,0,0,0
1610,AWB,ASJ,0,0,0,0,0,0,0,0,0,0
1611,AWB,AVD,0,0,0,0,0,0,0,0,0,0
1612,AWB,AVJ,0,0,0,0,0,0,0,0,0,0
1613,AWB,AWB,0,0,0,0,0,0,0,0,0,0
1614,AWB,PVC,0,0,0,0,0,0,0,0,0,0
1615,AWB,PVN,0,0,0,0,0,0,0,0,0,0
1616,AWB,PVP,0,0,0,0,0,0,0,0,0,0
1617,AWB,RIS,0,0,0,0,0,0,0,0,0,0
1618,AWB,UNK,0,0,0,0,0,0,0,0,0,0
1619,AWB,hyp,0,0,0,0,0,0,0,0,0,0
1620,RMG,ASH,3,0,0,0,0,0,2,2,1,1
1621,RMG,AVB,5,0,0,0,0,1,8,5,3,3
1622,RMG,AVE,2,1,0,0,0,2,8,3,4,0
1623,RMG,AVJ,2,0,0,0,0,1,4,0,1,1
1624,RMG,BWM,26,5,2,0,0,48,0,48,28,10
1625,RMG,PVC,2,0,0,0,0,0,0,0,0,0
1626,RMG,RMD,18,14,13,16,10,20,85,30,24,21
1627,RMG,RMH,1,2,0,0,0,1,5,4,1,2
1628,RMG,SIB,2,4,0,1,0,3,10,4,8,3
1629,RMG,SMB,2,0,0,0,0,2,3,3,2,1
1630,RMG,AVK,0,0,1,0,0,0,0,0,0,2
1631,RMG,RIA,0,0,1,0,1,0,0,2,0,0
1632,RMG,IL1,0,0,0,0,1,0,0,2,0,0
1633,RMG,AIM,0,0,0,0,0,1,6,1,3,0
1634,RMG,ALM,0,0,0,0,0,1,1,1,1,0
1635,RMG,CEP,0,0,0,0,0,1,1,1,0,0
1636,RMG,RIC,0,0,0,0,0,2,0,0,0,0
1637,RMG,SAA,0,0,0,0,0,2,5,0,4,3
1638,RMG,URX,0,0,0,0,0,2,6,2,2,0
1639,RMG,ADA,0,0,0,0,0,0,5,1,0,1
1640,RMG,ADE,0,0,0,0,0,0,2,0,0,0
1641,RMG,ADL,0,0,0,0,0,0,1,0,0,0
1642,RMG,AIB,0,0,0,0,0,0,2,1,0,0
1643,RMG,ALN,0,0,0,0,0,0,3,0,0,1
1644,RMG,AVA,0,0,0,0,0,0,3,1,1,0
1645,RMG,AVD,0,0,0,0,0,0,2,0,0,0
1646,RMG,AVF,0,0,0,0,0,0,1,0,2,0
1647,RMG,IL2,0,0,0,0,0,0,2,0,1,0
1648,RMG,OLL,0,0,0,0,0,0,1,0,0,0
1649,RMG,RID,0,0,0,0,0,0,2,0,2,0
1650,RMG,RIF,0,0,0,0,0,0,1,1,0,0
1651,RMG,RIG,0,0,0,0,0,0,2,0,0,2
1652,RMG,RIR,0,0,0,0,0,0,1,0,0,0
1653,RMG,SIA,0,0,0,0,0,0,10,4,1,1
1654,RMG,SMD,0,0,0,0,0,0,3,1,0,0
1655,RMG,HSN,0,0,0,0,0,0,0,1,0,0
1656,RMG,PLN,0,0,0,0,0,0,0,1,0,0
1657,RMG,PVN,0,0,0,0,0,0,0,1,0,0
1658,RMG,PVP,0,0,0,0,0,0,0,1,0,0
1659,RMG,RMG,0,0,0,0,0,0,0,1,0,0
1660,RMG,SDQ,0,0,0,0,0,0,0,2,0,0
1661,RMG,AQR,0,0,0,0,0,0,0,0,0,0
1662,RMG,BAG,0,0,0,0,0,0,0,0,0,0
1663,RMG,OLQ,0,0,0,0,0,0,0,0,0,0
1664,RMG,RIB,0,0,0,0,0,0,0,0,0,0
1665,RMG,RIP,0,0,0,0,0,0,0,0,0,0
1666,RIR,ADF,5,0,1,0,0,3,5,4,3,0
1667,RIR,AIY,4,0,1,0,0,0,0,2,2,0
1668,RIR,AIZ,14,7,6,5,1,10,27,15,20,9
1669,RIR,AUA,1,0,1,1,0,0,7,2,2,1
1670,RIR,AVE,2,0,0,2,0,0,4,2,2,2
1671,RIR,AVH,1,0,0,0,0,1,0,2,1,0
1672,RIR,DVA,1,4,3,2,1,1,9,2,5,3
1673,RIR,OLQ,1,0,0,0,0,0,0,1,0,0
1674,RIR,RIA,12,5,8,5,4,7,15,19,16,13
1675,RIR,RIG,3,0,1,0,0,1,6,2,3,1
1676,RIR,RIH,1,0,0,1,0,0,0,0,0,1
1677,RIR,URX,12,9,8,5,3,7,15,19,14,10
1678,RIR,AVA,0,0,1,0,0,0,0,0,0,0
1679,RIR,BAG,0,0,1,2,0,1,1,5,0,0
1680,RIR,URY,0,0,1,0,0,0,0,0,0,0
1681,RIR,CEP,0,0,0,1,0,0,0,0,0,0
1682,RIR,PVP,0,0,0,0,1,0,3,0,3,0
1683,RIR,ASE,0,0,0,0,0,1,0,0,0,0
1684,RIR,ADA,0,0,0,0,0,0,1,0,0,0
1685,RIR,AFD,0,0,0,0,0,0,1,0,0,0
1686,RIR,AIM,0,0,0,0,0,0,1,0,0,0
1687,RIR,AQR,0,0,0,0,0,0,2,1,5,1
1688,RIR,ASH,0,0,0,0,0,0,2,0,0,0
1689,RIR,AWB,0,0,0,0,0,0,1,0,0,0
1690,RIR,HSN,0,0,0,0,0,0,1,0,0,0
1691,RIR,RMG,0,0,0,0,0,0,2,0,0,0
1692,RIR,SMB,0,0,0,0,0,0,0,1,2,0
1693,RIR,AIB,0,0,0,0,0,0,0,0,0,0
1694,RIR,AVB,0,0,0,0,0,0,0,0,0,0
1695,RIR,RIM,0,0,0,0,0,0,0,0,0,0
1696,AVK,ALN,1,0,0,0,0,0,0,0,0,0
1697,AVK,AVE,4,5,5,3,4,6,6,8,7,7
1698,AVK,PVP,1,0,0,0,1,0,0,0,0,1
1699,AVK,RIC,1,0,0,0,0,0,0,0,0,0
1700,AVK,RIG,1,0,1,0,2,2,1,5,0,2
1701,AVK,RIM,9,7,8,8,5,9,13,14,14,10
1702,AVK,RIV,1,0,0,1,0,0,5,3,3,0
1703,AVK,RMD,3,2,3,3,1,0,4,6,12,5
1704,AVK,SAA,4,3,4,7,1,3,7,7,6,8
1705,AVK,SMD,3,1,1,0,0,3,4,6,5,0
1706,AVK,AIB,0,2,0,2,1,1,0,3,0,2
1707,AVK,AVK,0,2,0,1,0,2,5,0,4,1
1708,AVK,RIS,0,3,2,0,0,0,0,6,11,2
1709,AVK,RMG,0,2,1,2,1,0,2,0,0,2
1710,AVK,SIA,0,1,0,0,0,1,6,0,2,1
1711,AVK,DVC,0,0,0,0,1,1,0,2,0,0
1712,AVK,SMB,0,0,0,0,1,1,5,1,1,0
1713,AVK,FLP,0,0,0,0,0,1,0,0,0,0
1714,AVK,AVB,0,0,0,0,0,0,2,1,0,0
1715,AVK,RMF,0,0,0,0,0,0,4,2,2,0
1716,AVK,RMH,0,0,0,0,0,0,1,0,0,0
1717,AVK,SIB,0,0,0,0,0,0,2,0,1,0
1718,AVK,AVL,0,0,0,0,0,0,0,3,1,1
1719,AVK,ADA,0,0,0,0,0,0,0,0,0,0
1720,AVK,AVA,0,0,0,0,0,0,0,0,0,0
1721,AVK,DVB,0,0,0,0,0,0,0,0,0,0
1722,AVK,RIA,0,0,0,0,0,0,0,0,0,0
1723,AVK,SDQ,0,0,0,0,0,0,0,0,0,0
1724,AVK,URY,0,0,0,0,0,0,0,0,0,0
1725,AVK,PVT,0,0,0,0,0,0,0,0,0,1
1726,ALA,AVE,3,4,3,3,2,7,12,7,5,4
1727,ALA,CAN,1,0,0,0,0,0,0,0,0,0
1728,ALA,CEP,1,0,3,4,0,4,0,2,3,4
1729,ALA,ASJ,0,2,0,0,0,0,4,0,0,1
1730,ALA,IL1,0,2,0,0,1,0,0,0,0,0
1731,ALA,IL2,0,2,0,0,0,0,0,0,0,0
1732,ALA,AVA,0,0,0,0,0,1,0,0,1,0
1733,ALA,AVD,0,0,0,0,0,0,1,0,0,0
1734,ALA,RIA,0,0,0,0,0,0,2,0,0,0
1735,ALA,RMD,0,0,0,0,0,0,3,0,0,0
1736,ALA,ADL,0,0,0,0,0,0,0,1,1,0
1737,ALA,BDU,0,0,0,0,0,0,0,1,0,0
1738,ALA,PVN,0,0,0,0,0,0,0,1,0,0
1739,ALA,AQR,0,0,0,0,0,0,0,0,0,0
1740,ALA,ASG,0,0,0,0,0,0,0,0,0,0
1741,ALA,AWA,0,0,0,0,0,0,0,0,0,0
1742,ALA,AWC,0,0,0,0,0,0,0,0,0,0
1743,ALA,SAA,0,0,0,0,0,0,0,0,0,0
1744,BDU,ADE,3,0,0,0,0,1,7,0,2,0
1745,BDU,ALM,3,1,0,1,1,2,5,7,4,4
1746,BDU,AVB,1,0,2,0,0,1,1,2,0,1
1747,BDU,AVD,1,0,0,0,0,0,0,0,1,2
1748,BDU,AVF,1,0,0,0,0,2,0,1,8,1
1749,BDU,AVH,1,0,1,0,0,0,5,2,0,1
1750,BDU,AVJ,4,1,3,1,1,3,9,8,3,4
1751,BDU,AVM,2,0,0,0,0,0,0,1,2,3
1752,BDU,CEP,4,0,3,0,0,1,1,0,1,4
1753,BDU,IL1,1,0,0,0,0,0,0,0,0,0
1754,BDU,RMG,3,0,0,1,0,0,0,0,0,1
1755,BDU,SDQ,2,0,0,0,0,0,2,0,1,3
1756,BDU,URA,2,0,1,0,0,1,6,2,1,0
1757,BDU,IL2,0,1,0,0,0,1,0,1,1,0
1758,BDU,PVC,0,3,1,2,0,0,0,4,1,3
1759,BDU,PVR,0,4,3,0,0,0,0,0,0,0
1760,BDU,RIF,0,0,2,0,1,0,2,4,0,2
1761,BDU,SIB,0,0,1,2,0,0,0,0,0,1
1762,BDU,BDU,0,0,0,0,1,0,0,0,0,0
1763,BDU,GLR,0,0,0,0,1,0,0,0,0,0
1764,BDU,AVE,0,0,0,0,0,1,0,0,0,0
1765,BDU,PVN,0,0,0,0,0,6,25,7,16,0
1766,BDU,RIM,0,0,0,0,0,1,0,0,0,0
1767,BDU,ADA,0,0,0,0,0,0,3,0,0,0
1768,BDU,AVA,0,0,0,0,0,0,3,0,0,0
1769,BDU,HSN,0,0,0,0,0,0,6,3,1,0
1770,BDU,PLN,0,0,0,0,0,0,0,1,0,0
1771,BDU,PVQ,0,0,0,0,0,0,0,1,0,0
1772,BDU,RID,0,0,0,0,0,0,0,3,1,0
1773,BDU,AVK,0,0,0,0,0,0,0,0,1,0
1774,BDU,PVP,0,0,0,0,0,0,0,0,0,0
1775,BDU,RIS,0,0,0,0,0,0,0,0,0,0
1776,BDU,unk,0,0,0,0,0,0,0,0,0,0
1777,BDU,SMB,0,0,0,0,0,0,0,0,0,1
1778,BDU,URB,0,0,0,0,0,0,0,0,0,1
1779,ALN,AVA,2,0,0,0,0,0,6,0,2,0
1780,ALN,RIV,1,0,0,0,0,1,0,4,1,0
1781,ALN,SAA,8,0,0,0,0,10,18,21,19,3
1782,ALN,SMB,5,0,0,0,0,6,11,8,8,2
1783,ALN,SMD,0,0,0,0,0,3,3,4,3,1
1784,ALN,ADE,0,0,0,0,0,0,1,0,1,0
1785,ALN,RIA,0,0,0,0,0,0,1,1,1,1
1786,ALN,RIM,0,0,0,0,0,0,5,0,0,0
1787,ALN,RMD,0,0,0,0,0,0,1,0,0,0
1788,ALN,RMG,0,0,0,0,0,0,1,2,1,0
1789,ALN,RMH,0,0,0,0,0,0,1,1,0,0
1790,ALN,SIA,0,0,0,0,0,0,1,0,0,0
1791,ALN,BWM,0,0,0,0,0,0,0,1,1,0
1792,ALN,RIG,0,0,0,0,0,0,0,1,0,0
1793,ALN,IL1,0,0,0,0,0,0,0,0,0,0
1794,ALN,SIB,0,0,0,0,0,0,0,0,0,0
1795,AQR,ADE,3,1,0,0,0,0,0,1,0,0
1796,AQR,AVA,11,4,0,0,0,6,10,8,13,12
1797,AQR,AVB,6,3,0,0,0,10,20,11,5,13
1798,AQR,AVD,1,2,0,0,0,2,6,2,3,1
1799,AQR,BAG,5,0,0,0,0,8,13,8,11,3
1800,AQR,DVA,1,0,0,0,0,0,7,2,0,0
1801,AQR,PVC,4,2,0,0,0,6,5,6,10,6
1802,AQR,PVP,1,0,0,0,0,0,4,0,3,1
1803,AQR,RIA,5,1,0,0,0,3,12,10,17,2
1804,AQR,RIR,1,1,0,0,0,2,1,3,9,1
1805,AQR,ADA,0,1,0,0,0,0,0,0,0,0
1806,AQR,AIB,0,1,0,0,0,0,0,1,1,0
1807,AQR,RIG,0,0,0,0,0,1,1,0,0,2
1808,AQR,AVJ,0,0,0,0,0,0,3,0,0,0
1809,AQR,URX,0,0,0,0,0,0,5,0,0,0
1810,AQR,AVH,0,0,0,0,0,0,0,1,0,0
1811,AQR,SDQ,0,0,0,0,0,0,0,1,0,0
1812,AQR,AUA,0,0,0,0,0,0,0,0,1,0
1813,AQR,FLP,0,0,0,0,0,0,0,0,1,0
1814,AQR,IL1,0,0,0,0,0,0,0,0,1,0
1815,AQR,AVE,0,0,0,0,0,0,0,0,0,0
1816,AQR,AVK,0,0,0,0,0,0,0,0,0,0
1817,AQR,OLQ,0,0,0,0,0,0,0,0,0,0
1818,AQR,PLN,0,0,0,0,0,0,0,0,0,0
1819,AQR,RIM,0,0,0,0,0,0,0,0,0,0
1820,AQR,RIP,0,0,0,0,0,0,0,0,0,0
1821,AQR,RIV,0,0,0,0,0,0,0,0,0,0
1822,AQR,RMG,0,0,0,0,0,0,0,0,0,0
1823,AQR,SAA,0,0,0,0,0,0,0,0,0,0
1824,AQR,RIB,0,0,0,0,0,0,0,0,0,1
1825,ASI,AFD,1,0,0,0,0,0,0,1,1,2
1826,ASI,AIA,5,1,2,0,1,11,7,12,11,4
1827,ASI,AIB,4,1,0,0,2,6,7,12,13,2
1828,ASI,AIY,1,0,0,0,0,2,5,1,2,2
1829,ASI,ASG,3,1,1,0,0,5,6,5,8,1
1830,ASI,ASK,2,0,0,0,0,1,4,2,1,0
1831,ASI,AVA,1,0,0,0,0,0,0,0,0,0
1832,ASI,AWC,15,10,4,4,4,12,14,34,28,11
1833,ASI,BAG,2,0,0,0,1,0,0,1,0,0
1834,ASI,CEP,9,5,2,1,1,2,2,4,15,8
1835,ASI,IL1,1,0,0,0,0,0,0,0,0,0
1836,ASI,RIA,2,0,0,0,0,0,3,2,0,0
1837,ASI,ASE,0,0,1,0,1,0,13,0,1,1
1838,ASI,ADL,0,0,0,1,0,1,1,0,0,0
1839,ASI,AIN,0,0,0,0,1,2,0,0,0,0
1840,ASI,ADF,0,0,0,0,0,0,1,0,0,0
1841,ASI,AIZ,0,0,0,0,0,0,1,0,0,0
1842,ASI,ASH,0,0,0,0,0,0,3,0,1,0
1843,ASI,AWA,0,0,0,0,0,0,3,3,1,0
1844,ASI,RIB,0,0,0,0,0,0,1,0,0,0
1845,ASI,RMF,0,0,0,0,0,0,1,0,0,0
1846,ASI,SAA,0,0,0,0,0,0,2,0,0,0
1847,ASI,AWB,0,0,0,0,0,0,0,0,1,0
1848,ASI,ADA,0,0,0,0,0,0,0,0,0,0
1849,ASI,AIM,0,0,0,0,0,0,0,0,0,0
1850,ASI,AMs,0,0,0,0,0,0,0,0,0,0
1851,ASI,ASI,0,0,0,0,0,0,0,0,0,0
1852,ASI,ASJ,0,0,0,0,0,0,0,0,0,0
1853,ASI,AVB,0,0,0,0,0,0,0,0,0,0
1854,ASI,AVF,0,0,0,0,0,0,0,0,0,0
1855,ASI,HSN,0,0,0,0,0,0,0,0,0,0
1856,ASI,PVN,0,0,0,0,0,0,0,0,0,0
1857,ASI,PVP,0,0,0,0,0,0,0,0,0,0
1858,ASI,PVQ,0,0,0,0,0,0,0,0,0,0
1859,ASI,RIF,0,0,0,0,0,0,0,0,0,0
1860,ASI,RIG,0,0,0,0,0,0,0,0,0,0
1861,ASI,UK2,0,0,0,0,0,0,0,0,0,0
1862,ASI,URY,0,0,0,0,0,0,0,0,0,0
1863,PVQ,ADA,1,0,0,0,0,0,0,0,0,0
1864,PVQ,ADL,2,0,0,0,0,0,0,0,3,0
1865,PVQ,AIA,20,10,6,11,7,16,26,18,18,13
1866,PVQ,AIM,2,0,2,1,0,2,3,1,1,2
1867,PVQ,ASH,4,0,0,1,0,0,0,0,0,1
1868,PVQ,ASJ,1,3,2,1,2,0,5,2,2,3
1869,PVQ,ASK,10,12,3,7,3,13,21,9,16,11
1870,PVQ,AVF,5,0,0,0,0,3,1,0,4,1
1871,PVQ,CEP,1,0,3,1,1,1,0,2,1,2
1872,PVQ,RIF,1,0,0,0,0,1,4,0,0,0
1873,PVQ,RMG,1,0,0,0,0,0,2,2,0,0
1874,PVQ,AWA,0,1,1,0,0,0,5,1,1,1
1875,PVQ,AIB,0,0,0,2,0,0,0,0,0,0
1876,PVQ,ALA,0,0,0,0,0,1,0,1,2,0
1877,PVQ,ASE,0,0,0,0,0,1,2,1,2,0
1878,PVQ,AVB,0,0,0,0,0,1,1,0,0,0
1879,PVQ,HSN,0,0,0,0,0,0,12,2,5,0
1880,PVQ,ASG,0,0,0,0,0,0,0,1,0,0
1881,PVQ,AVM,0,0,0,0,0,0,0,1,0,0
1882,PVQ,PVC,0,0,0,0,0,0,0,1,0,0
1883,PVQ,PVN,0,0,0,0,0,0,0,1,0,0
1884,PVQ,AWB,0,0,0,0,0,0,0,0,0,0
1885,PVQ,RIS,0,0,0,0,0,0,0,0,0,0
1886,AVM,ADA,1,0,0,0,0,0,0,0,0,0
1887,AVM,ADE,2,0,0,0,0,0,0,0,0,1
1888,AVM,AVB,10,0,0,0,0,9,29,14,13,6
1889,AVM,AVD,1,0,0,0,0,1,2,3,1,3
1890,AVM,AVE,1,0,0,0,0,0,0,0,0,0
1891,AVM,AVJ,4,0,0,0,0,1,1,5,6,1
1892,AVM,BDU,2,0,0,0,0,7,9,6,5,1
1893,AVM,PVC,6,0,0,0,0,7,36,13,16,2
1894,AVM,RIS,1,0,0,0,0,0,0,0,0,2
1895,AVM,PVN,0,0,0,0,0,1,10,1,1,0
1896,AVM,PVP,0,0,0,0,0,1,0,0,0,1
1897,AVM,AVH,0,0,0,0,0,0,5,0,0,1
1898,AVM,RID,0,0,0,0,0,0,3,0,0,0
1899,AVM,SIB,0,0,0,0,0,0,3,0,0,0
1900,AVM,ALM,0,0,0,0,0,0,0,0,2,0
1901,AVM,FLP,0,0,0,0,0,0,0,0,1,0
1902,AVM,PVR,0,0,0,0,0,0,0,0,0,3
1903,AVM,RIC,0,0,0,0,0,0,0,0,0,0
1904,AVM,RME,0,0,0,0,0,0,0,0,0,0
1905,AVM,RMG,0,0,0,0,0,0,0,0,0,0
1906,AVM,SAB,0,0,0,0,0,0,0,0,0,0
1907,AVM,ant,0,0,0,0,0,0,0,0,0,0
1908,AVM,hyp,0,0,0,0,0,0,0,0,0,0
1909,FLP,ADE,2,1,3,3,2,4,33,4,3,3
1910,FLP,AIB,2,0,0,0,0,4,9,10,2,1
1911,FLP,AVA,16,1,9,6,1,24,104,38,30,13
1912,FLP,AVB,5,4,2,1,0,9,76,11,6,1
1913,FLP,AVD,3,4,0,1,1,13,58,6,8,5
1914,FLP,AVE,4,2,1,0,0,5,48,6,8,0
1915,FLP,FLP,2,3,4,1,0,3,14,3,4,7
1916,FLP,PVC,2,1,1,1,0,0,2,5,2,1
1917,FLP,RIS,1,0,0,0,0,0,1,0,1,0
1918,FLP,SDQ,1,0,0,0,0,0,0,1,2,0
1919,FLP,AVJ,0,1,0,0,0,0,2,1,0,0
1920,FLP,AVL,0,0,1,0,0,0,0,0,0,0
1921,FLP,DVC,0,0,1,0,0,0,0,0,0,0
1922,FLP,ADA,0,0,0,0,0,2,2,2,1,2
1923,FLP,AVK,0,0,0,0,0,1,0,0,0,0
1924,FLP,DVA,0,0,0,0,0,1,10,0,1,1
1925,FLP,RIG,0,0,0,0,0,1,0,0,0,0
1926,FLP,RMF,0,0,0,0,0,1,0,0,0,0
1927,FLP,VB0,0,0,0,0,0,0,1,0,0,0
1928,FLP,PVP,0,0,0,0,0,0,0,1,0,0
1929,FLP,RIH,0,0,0,0,0,0,0,1,2,0
1930,FLP,AWB,0,0,0,0,0,0,0,0,0,0
1931,FLP,BDU,0,0,0,0,0,0,0,0,0,0
1932,FLP,RME,0,0,0,0,0,0,0,0,0,0
1933,FLP,RMG,0,0,0,0,0,0,0,0,0,0
1934,FLP,RVN,0,0,0,0,0,0,0,0,0,0
1935,FLP,SAB,0,0,0,0,0,0,0,0,0,0
1936,FLP,VA1,0,0,0,0,0,0,0,0,0,0
1937,FLP,unk,0,0,0,0,0,0,0,0,0,0
1938,RIS,AIB,1,0,0,0,0,0,0,0,1,0
1939,RIS,AVE,12,11,7,5,5,17,35,16,17,12
1940,RIS,AVK,5,5,0,1,0,11,19,17,18,6
1941,RIS,AVL,2,0,0,0,0,0,9,3,0,2
1942,RIS,CEP,7,4,4,4,3,5,16,11,11,7
1943,RIS,RIB,7,9,8,3,5,8,25,12,22,5
1944,RIS,RIM,13,5,2,2,0,9,25,17,17,7
1945,RIS,RIV,1,0,0,0,0,0,0,0,0,0
1946,RIS,RMD,7,1,4,1,0,3,28,8,3,4
1947,RIS,SMD,5,1,2,1,2,4,9,7,5,2
1948,RIS,RIC,0,1,0,0,0,2,0,3,1,0
1949,RIS,URY,0,1,0,0,0,1,6,3,6,0
1950,RIS,RMG,0,0,0,1,0,0,0,0,0,0
1951,RIS,OLL,0,0,0,0,0,1,5,0,0,1
1952,RIS,RMF,0,0,0,0,0,1,0,0,1,0
1953,RIS,RIS,0,0,0,0,0,0,3,0,0,0
1954,RIS,RME,0,0,0,0,0,0,3,0,1,0
1955,RIS,OLQ,0,0,0,0,0,0,0,0,1,0
1956,RIS,CSS,0,0,0,0,0,0,0,0,0,0
1957,RIS,RMH,0,0,0,0,0,0,0,0,0,0
1958,RIS,URX,0,0,0,0,0,0,0,0,0,0
1959,URA,BWM,35,28,20,15,12,46,0,65,69,33
1960,URA,IL1,3,6,2,1,2,2,27,8,15,6
1961,URA,RIP,14,16,10,10,7,14,56,16,14,18
1962,URA,RMD,4,1,0,0,0,3,10,0,4,1
1963,URA,RME,16,11,11,15,13,4,37,19,20,20
1964,URA,IL2,0,0,0,1,0,0,3,1,0,0
1965,URA,ADA,0,0,0,0,0,0,1,0,0,0
1966,URA,AVE,0,0,0,0,0,0,1,0,0,0
1967,URA,CEP,0,0,0,0,0,0,1,0,0,0
1968,URA,DVC,0,0,0,0,0,0,1,0,0,0
1969,URA,PVT,0,0,0,0,0,0,3,0,0,0
1970,URA,RIB,0,0,0,0,0,0,1,0,0,0
1971,URA,RIH,0,0,0,0,0,0,4,0,0,0
1972,URA,URY,0,0,0,0,0,0,2,0,0,0
1973,URA,GLR,0,0,0,0,0,0,0,1,1,0
1974,URA,RMF,0,0,0,0,0,0,0,0,0,0
1975,URA,URA,0,0,0,0,0,0,0,0,0,0
1976,URA,URB,0,0,0,0,0,0,0,0,0,0
1977,URB,ADA,1,1,1,0,0,1,8,7,8,1
1978,URB,CEP,6,4,4,3,2,7,7,8,6,8
1979,URB,IL1,4,4,5,5,2,3,17,2,4,4
1980,URB,IL2,1,0,1,2,3,0,3,1,0,2
1981,URB,RIC,7,4,1,1,0,2,5,18,8,4
1982,URB,RMD,3,1,0,0,0,0,4,1,4,2
1983,URB,RMH,3,0,0,0,0,6,5,6,1,3
1984,URB,SIA,1,0,0,1,0,0,10,1,3,1
1985,URB,URX,11,8,4,5,4,13,42,19,17,10
1986,URB,BWM,0,5,1,2,4,0,0,0,0,2
1987,URB,PVR,0,1,0,0,0,0,0,0,0,2
1988,URB,OLL,0,0,0,0,1,1,2,0,2,0
1989,URB,RME,0,0,0,0,0,1,0,0,0,0
1990,URB,SMB,0,0,0,0,0,3,8,2,2,0
1991,URB,ADE,0,0,0,0,0,0,1,1,1,1
1992,URB,ADL,0,0,0,0,0,0,5,0,0,0
1993,URB,AVB,0,0,0,0,0,0,2,6,3,0
1994,URB,AVD,0,0,0,0,0,0,1,2,1,0
1995,URB,OLQ,0,0,0,0,0,0,2,5,0,0
1996,URB,RMG,0,0,0,0,0,0,8,1,1,1
1997,URB,SIB,0,0,0,0,0,0,2,0,0,0
1998,URB,URB,0,0,0,0,0,0,1,0,2,0
1999,URB,URY,0,0,0,0,0,0,1,0,0,0
2000,URB,AVE,0,0,0,0,0,0,0,1,0,0
2001,URB,AVJ,0,0,0,0,0,0,0,2,0,0
2002,URB,RIB,0,0,0,0,0,0,0,1,0,0
2003,URB,RIV,0,0,0,0,0,0,0,1,0,0
2004,URB,SDQ,0,0,0,0,0,0,0,1,1,0
2005,URB,SMD,0,0,0,0,0,0,0,1,1,0
2006,URB,GLR,0,0,0,0,0,0,0,0,0,0
2007,URY,AVB,1,0,0,0,0,1,7,5,9,0
2008,URY,AVE,19,12,11,12,13,14,66,26,30,13
2009,URY,BWM,5,0,0,0,0,0,0,14,13,5
2010,URY,IL1,10,0,0,1,0,5,12,13,16,2
2011,URY,OLQ,1,0,0,0,0,0,12,0,2,0
2012,URY,RIB,10,8,4,8,6,4,37,14,15,12
2013,URY,RMD,45,14,12,13,8,30,142,69,84,23
2014,URY,SIB,1,0,0,0,0,1,13,3,7,0
2015,URY,SMD,12,10,9,14,9,13,43,13,21,20
2016,URY,CEP,0,1,0,1,0,0,7,1,3,2
2017,URY,OLL,0,0,0,0,0,1,12,1,2,2
2018,URY,RME,0,0,0,0,0,1,7,4,0,2
2019,URY,ADA,0,0,0,0,0,0,2,0,0,0
2020,URY,AIZ,0,0,0,0,0,0,1,0,0,0
2021,URY,AVA,0,0,0,0,0,0,2,0,1,0
2022,URY,AVD,0,0,0,0,0,0,2,2,5,0
2023,URY,AVJ,0,0,0,0,0,0,1,0,0,0
2024,URY,AVL,0,0,0,0,0,0,5,0,0,0
2025,URY,AWC,0,0,0,0,0,0,1,0,0,0
2026,URY,RIA,0,0,0,0,0,0,4,0,0,1
2027,URY,RID,0,0,0,0,0,0,3,0,2,0
2028,URY,RIH,0,0,0,0,0,0,2,0,0,0
2029,URY,RIS,0,0,0,0,0,0,1,0,1,0
2030,URY,SMB,0,0,0,0,0,0,1,0,0,0
2031,URY,URX,0,0,0,0,0,0,3,0,0,0
2032,URY,AIB,0,0,0,0,0,0,0,0,1,0
2033,URY,RIP,0,0,0,0,0,0,0,0,1,0
2034,URY,ADL,0,0,0,0,0,0,0,0,0,0
2035,URY,ALM,0,0,0,0,0,0,0,0,0,0
2036,URY,BAG,0,0,0,0,0,0,0,0,0,0
2037,URY,RIF,0,0,0,0,0,0,0,0,0,0
2038,URY,RIM,0,0,0,0,0,0,0,0,0,0
2039,URY,RMH,0,0,0,0,0,0,0,0,0,0
2040,URY,SAA,0,0,0,0,0,0,0,0,0,0
2041,URY,URY,0,0,0,0,0,0,0,0,0,0
2042,URY,unk,0,0,0,0,0,0,0,0,0,0
2043,URY,URA,0,0,0,0,0,0,0,0,0,1
2044,RIH,AIZ,7,1,8,4,3,11,32,10,13,8
2045,RIH,AUA,1,0,0,0,0,1,2,2,2,2
2046,RIH,AVE,1,0,0,0,0,0,0,1,1,0
2047,RIH,BAG,2,0,3,0,0,2,7,2,1,3
2048,RIH,CEP,9,4,4,5,2,2,15,15,13,1
2049,RIH,GLR,4,2,2,3,2,0,0,2,1,4
2050,RIH,IL1,1,0,0,0,0,0,0,1,2,0
2051,RIH,IL2,4,6,2,3,3,2,14,4,3,5
2052,RIH,OLQ,11,9,9,6,7,9,37,27,20,8
2053,RIH,RIA,20,2,9,6,4,22,73,21,15,18
2054,RIH,RIB,8,1,3,2,2,10,33,8,13,8
2055,RIH,RIP,8,8,7,6,5,4,25,8,16,12
2056,RIH,RIR,2,0,1,1,0,0,0,1,0,1
2057,RIH,RME,3,1,1,1,1,0,16,3,1,0
2058,RIH,URA,3,0,0,0,0,0,1,2,0,0
2059,RIH,URY,1,0,0,1,0,1,4,2,2,1
2060,RIH,BWM,0,0,1,0,0,0,0,0,0,0
2061,RIH,RIS,0,0,0,1,0,0,0,0,0,0
2062,RIH,SMD,0,0,0,0,0,1,0,0,0,0
2063,RIH,ADF,0,0,0,0,0,0,3,0,0,1
2064,RIH,AIY,0,0,0,0,0,0,9,2,1,0
2065,RIH,RIG,0,0,0,0,0,0,0,0,1,0
2066,RIH,AIB,0,0,0,0,0,0,0,0,0,0
2067,DVC,AIB,7,7,2,3,1,7,6,16,12,7
2068,DVC,AVA,10,2,5,3,5,15,50,16,15,4
2069,DVC,AVK,1,0,0,0,0,2,2,6,2,1
2070,DVC,CEP,3,1,0,0,1,1,0,0,0,3
2071,DVC,IL2,1,0,0,0,0,0,0,0,0,0
2072,DVC,PVT,2,0,0,0,0,0,1,0,0,1
2073,DVC,RIB,3,6,2,5,1,7,8,10,14,7
2074,DVC,RIG,6,7,4,4,0,14,29,16,23,11
2075,DVC,RMF,1,0,0,0,0,4,23,15,10,0
2076,DVC,URA,1,1,0,0,0,0,1,0,0,0
2077,DVC,URY,1,0,1,0,0,1,0,0,3,2
2078,DVC,AIZ,0,1,0,0,0,0,0,0,1,0
2079,DVC,AVD,0,1,0,0,1,0,0,0,0,1
2080,DVC,AVE,0,2,0,0,0,2,0,1,3,2
2081,DVC,BAG,0,1,0,2,0,0,0,0,0,0
2082,DVC,URX,0,0,0,1,0,0,0,0,0,1
2083,DVC,ADE,0,0,0,0,1,0,0,0,0,0
2084,DVC,RIV,0,0,0,0,0,1,2,1,1,0
2085,DVC,AVB,0,0,0,0,0,0,1,0,0,0
2086,DVC,AVL,0,0,0,0,0,0,0,1,0,0
2087,DVC,OLL,0,0,0,0,0,0,0,1,0,0
2088,DVC,RID,0,0,0,0,0,0,0,1,0,0
2089,DVC,RIM,0,0,0,0,0,0,0,1,0,0
2090,DVC,SAA,0,0,0,0,0,0,0,1,0,0
2091,DVC,AQR,0,0,0,0,0,0,0,0,1,0
2092,DVC,FLP,0,0,0,0,0,0,0,0,1,0
2093,PVT,AIB,6,2,3,0,1,3,16,9,8,5
2094,PVT,AVK,8,13,5,5,3,17,16,21,26,17
2095,PVT,AVL,1,2,0,0,0,3,3,6,7,2
2096,PVT,CEP,2,0,2,3,0,0,0,0,4,0
2097,PVT,DVC,4,2,0,1,0,1,3,2,13,4
2098,PVT,OLQ,1,1,0,1,0,0,0,0,0,0
2099,PVT,RID,1,0,0,0,0,0,0,0,0,0
2100,PVT,RIG,4,5,1,4,3,5,7,8,7,4
2101,PVT,RIR,1,1,1,0,0,0,0,0,0,0
2102,PVT,RME,1,1,0,1,0,4,4,1,0,0
2103,PVT,RMF,7,0,0,0,0,5,10,13,8,0
2104,PVT,URA,1,0,0,0,0,0,0,1,2,2
2105,PVT,SAA,0,1,0,1,0,0,0,0,0,0
2106,PVT,OLL,0,0,1,0,0,0,0,0,0,0
2107,PVT,RIH,0,0,1,0,0,0,2,3,0,1
2108,PVT,RIM,0,0,1,0,0,0,0,0,0,0
2109,PVT,SMB,0,0,2,0,0,1,0,1,0,1
2110,PVT,URB,0,0,1,0,0,0,0,0,0,0
2111,PVT,AVE,0,0,0,1,0,0,0,1,0,0
2112,PVT,BAG,0,0,0,0,0,2,0,0,0,0
2113,PVT,RIS,0,0,0,0,0,0,1,0,0,0
2114,PVT,IL2,0,0,0,0,0,0,0,1,2,2
2115,PVT,URY,0,0,0,0,0,0,0,0,1,1
2116,PVT,ADA,0,0,0,0,0,0,0,0,0,0
2117,PVT,ADE,0,0,0,0,0,0,0,0,0,0
2118,PVT,AQR,0,0,0,0,0,0,0,0,0,0
2119,PVT,AVA,0,0,0,0,0,0,0,0,0,0
2120,PVT,CSS,0,0,0,0,0,0,0,0,0,0
2121,PVT,DVB,0,0,0,0,0,0,0,0,0,0
2122,PVT,PVT,0,0,0,0,0,0,0,0,0,0
2123,PVT,RIB,0,0,0,0,0,0,0,0,0,0
2124,PVT,SDQ,0,0,0,0,0,0,0,0,0,0
2125,PVT,unk,0,0,0,0,0,0,0,0,0,0
2126,PVT,IL1,0,0,0,0,0,0,0,0,0,1
2127,RME,BWM,103,60,45,35,24,110,0,161,147,81
2128,RME,GLR,1,0,1,1,0,0,0,2,0,1
2129,RME,RMD,6,7,11,12,13,2,2,2,2,11
2130,RME,RME,1,2,4,2,1,0,8,3,2,1
2131,RME,SMD,9,7,6,4,3,5,7,4,6,6
2132,RME,CEP,0,0,1,0,0,0,0,0,0,0
2133,RME,IL1,0,0,1,0,0,0,6,1,1,2
2134,RME,URA,0,0,0,1,1,0,0,0,0,1
2135,RME,IL2,0,0,0,0,0,1,0,0,0,0
2136,RME,OLL,0,0,0,0,0,0,1,0,0,0
2137,RME,RIB,0,0,0,0,0,0,4,0,0,0
2138,RME,RIH,0,0,0,0,0,0,2,0,0,0
2139,RME,RIP,0,0,0,0,0,0,1,0,0,0
2140,RME,RIS,0,0,0,0,0,0,1,0,0,0
2141,RME,RMH,0,0,0,0,0,0,3,0,0,0
2142,RME,AVE,0,0,0,0,0,0,0,0,0,0
2143,RME,RMF,0,0,0,0,0,0,0,0,0,0
2144,RID,AIZ,0,0,0,0,0,1,0,0,0,0
2145,RID,DVA,0,0,0,0,0,1,0,0,0,0
2146,RID,RIC,0,0,0,0,0,1,0,0,0,0
2147,RID,FLP,0,0,0,0,0,0,1,0,0,0
2148,RID,RME,0,0,0,0,0,0,1,0,0,0
2149,AVL,RIS,0,2,1,0,0,0,1,1,1,2
2150,AVL,RME,0,2,2,1,0,0,0,1,1,2
2151,AVL,BAG,0,0,1,0,0,0,0,0,0,0
2152,AVL,CEP,0,0,0,1,0,0,0,0,0,0
2153,AVL,AVK,0,0,0,0,0,0,2,0,0,0
2154,AVL,DVC,0,0,0,0,0,0,3,0,0,0
2155,AVL,PVP,0,0,0,0,0,0,3,0,0,0
2156,AVL,RIM,0,0,0,0,0,0,2,0,0,0
2157,AVL,PVT,0,0,0,0,0,0,0,1,1,0
2158,AVL,RIB,0,0,0,0,0,0,0,0,1,0
2159,AVL,URY,0,0,0,0,0,0,0,0,1,0
2160,AVL,AVA,0,0,0,0,0,0,0,0,0,0
2161,AVL,DB2,0,0,0,0,0,0,0,0,0,0
2162,AVL,DVB,0,0,0,0,0,0,0,0,0,0
2163,AVL,SAB,0,0,0,0,0,0,0,0,0,0
2164,PVN,ALM,0,0,0,0,0,1,2,1,2,0
2165,PVN,BDU,0,0,0,0,0,11,10,8,14,0
2166,PVN,CEP,0,0,0,0,0,1,2,0,3,0
2167,PVN,PVC,0,0,0,0,0,1,0,0,0,0
2168,PVN,PVN,0,0,0,0,0,1,5,2,4,0
2169,PVN,RIF,0,0,0,0,0,1,0,2,2,0
2170,PVN,AVJ,0,0,0,0,0,0,10,1,6,0
2171,PVN,URB,0,0,0,0,0,0,2,0,0,0
2172,PVN,URX,0,0,0,0,0,0,2,0,0,0
2173,PVN,AIA,0,0,0,0,0,0,0,1,0,0
2174,PVN,AIZ,0,0,0,0,0,0,0,1,0,0
2175,PVN,ASJ,0,0,0,0,0,0,0,2,0,0
2176,PVN,AVB,0,0,0,0,0,0,0,3,0,0
2177,PVN,AVD,0,0,0,0,0,0,0,2,0,0
2178,PVN,AVF,0,0,0,0,0,0,0,1,0,0
2179,PVN,AVM,0,0,0,0,0,0,0,1,1,0
2180,PVN,HSN,0,0,0,0,0,0,0,3,0,0
2181,PVN,SDQ,0,0,0,0,0,0,0,1,0,0
2182,PVN,SMB,0,0,0,0,0,0,0,1,0,0
2183,PVN,AVE,0,0,0,0,0,0,0,0,1,0
2184,PVN,RMG,0,0,0,0,0,0,0,0,1,0
2185,PVN,ADL,0,0,0,0,0,0,0,0,0,0
2186,PVN,AIB,0,0,0,0,0,0,0,0,0,0
2187,PVN,AIM,0,0,0,0,0,0,0,0,0,0
2188,PVN,ALA,0,0,0,0,0,0,0,0,0,0
2189,PVN,ASI,0,0,0,0,0,0,0,0,0,0
2190,PVN,ASK,0,0,0,0,0,0,0,0,0,0
2191,PVN,AWA,0,0,0,0,0,0,0,0,0,0
2192,PVN,AWB,0,0,0,0,0,0,0,0,0,0
2193,PVN,AWC,0,0,0,0,0,0,0,0,0,0
2194,PVN,PVQ,0,0,0,0,0,0,0,0,0,0
2195,PVN,RIM,0,0,0,0,0,0,0,0,0,0
2196,PVN,RIS,0,0,0,0,0,0,0,0,0,0
2197,PVN,SIB,0,0,0,0,0,0,0,0,0,0
2198,PVN,URY,0,0,0,0,0,0,0,0,0,0
2199,PLN,SAA,0,0,0,0,0,10,15,9,19,0
2200,PLN,SMB,0,0,0,0,0,9,21,11,14,0
2201,PLN,SMD,0,0,0,0,0,1,0,3,3,0
2202,PLN,RMD,0,0,0,0,0,0,1,0,0,0
2203,PLN,AVB,0,0,0,0,0,0,0,1,0,0
2204,PLN,BWM,0,0,0,0,0,0,0,1,0,0
2205,PLN,RID,0,0,0,0,0,0,0,1,0,0
2206,PLN,RMG,0,0,0,0,0,0,0,3,3,0
2207,PLN,AIB,0,0,0,0,0,0,0,0,0,0
2208,PLN,AVA,0,0,0,0,0,0,0,0,0,0
2209,PLN,CEP,0,0,0,0,0,0,0,0,0,0
2210,PLN,OLQ,0,0,0,0,0,0,0,0,0,0
2211,PLN,RIC,0,0,0,0,0,0,0,0,0,0
2212,PLN,RIV,0,0,0,0,0,0,0,0,0,0
2213,PLN,RMH,0,0,0,0,0,0,0,0,0,0
2214,PLN,SIA,0,0,0,0,0,0,0,0,0,0
2215,PLN,UK2,0,0,0,0,0,0,0,0,0,0
2216,VB0,ADA,0,0,0,0,0,0,5,0,0,0
2217,VB0,AIB,0,0,0,0,0,0,2,0,0,0
2218,VB0,RIM,0,0,0,0,0,0,10,0,0,0
2219,VB0,RMF,0,0,0,0,0,0,12,0,0,0
2220,VB0,SAA,0,0,0,0,0,0,21,0,0,0
2221,VB0,SMB,0,0,0,0,0,0,5,0,0,0
2222,HSN,ADL,0,0,0,0,0,0,2,1,1,0
2223,HSN,AIA,0,0,0,0,0,0,15,7,6,0
2224,HSN,AIB,0,0,0,0,0,0,2,0,0,0
2225,HSN,AIM,0,0,0,0,0,0,2,0,0,0
2226,HSN,AIZ,0,0,0,0,0,0,13,4,0,0
2227,HSN,ASH,0,0,0,0,0,0,8,3,4,0
2228,HSN,ASJ,0,0,0,0,0,0,2,0,0,0
2229,HSN,ASK,0,0,0,0,0,0,5,3,2,0
2230,HSN,AVF,0,0,0,0,0,0,20,1,1,0
2231,HSN,AVH,0,0,0,0,0,0,4,1,1,0
2232,HSN,AVJ,0,0,0,0,0,0,6,0,1,0
2233,HSN,AWA,0,0,0,0,0,0,3,2,1,0
2234,HSN,AWB,0,0,0,0,0,0,10,7,4,0
2235,HSN,BDU,0,0,0,0,0,0,2,2,6,0
2236,HSN,HSN,0,0,0,0,0,0,7,0,1,0
2237,HSN,PVN,0,0,0,0,0,0,1,2,3,0
2238,HSN,PVQ,0,0,0,0,0,0,2,2,2,0
2239,HSN,RIF,0,0,0,0,0,0,20,3,5,0
2240,HSN,RIM,0,0,0,0,0,0,7,2,0,0
2241,HSN,RIR,0,0,0,0,0,0,3,0,0,0
2242,HSN,RMD,0,0,0,0,0,0,1,0,0,0
2243,HSN,RMG,0,0,0,0,0,0,2,0,1,0
2244,HSN,ALM,0,0,0,0,0,0,0,1,0,0
2245,HSN,AQR,0,0,0,0,0,0,0,1,0,0
2246,HSN,ASE,0,0,0,0,0,0,0,2,0,0
2247,HSN,AVA,0,0,0,0,0,0,0,1,0,0
2248,HSN,AVB,0,0,0,0,0,0,0,4,0,0
2249,HSN,AVD,0,0,0,0,0,0,0,2,0,0
2250,HSN,AVM,0,0,0,0,0,0,0,0,1,0
2251,HSN,ADA,0,0,0,0,0,0,0,0,0,0
2252,HSN,ASI,0,0,0,0,0,0,0,0,0,0
2253,HSN,AWC,0,0,0,0,0,0,0,0,0,0
2254,HSN,SIB,0,0,0,0,0,0,0,0,0,0
2255,HSN,SMB,0,0,0,0,0,0,0,0,0,0
2256,HSN,URY,0,0,0,0,0,0,0,0,0,0
2257,VC0,VD0,0,0,0,0,0,0,2,0,0,0
2258,UNK,ADE,0,0,0,0,0,0,0,0,0,0
2259,UNK,ALM,0,0,0,0,0,0,0,0,0,0
2260,UNK,AVB,0,0,0,0,0,0,0,0,0,0
2261,UNK,AWB,0,0,0,0,0,0,0,0,0,0
2262,UNK,BDU,0,0,0,0,0,0,0,0,0,0
2263,UNK,CEP,0,0,0,0,0,0,0,0,0,0
2264,UNK,PVT,0,0,0,0,0,0,0,0,0,0
2265,UNK,RIF,0,0,0,0,0,0,0,0,0,0
2266,UNK,RIG,0,0,0,0,0,0,0,0,0,0
2267,UNK,RIM,0,0,0,0,0,0,0,0,0,0
2268,unk,ADA,0,0,0,0,0,0,0,0,0,0
2269,unk,ADE,0,0,0,0,0,0,0,0,0,0
2270,unk,AIA,0,0,0,0,0,0,0,0,0,0
2271,unk,ALM,0,0,0,0,0,0,0,0,0,0
2272,unk,AQR,0,0,0,0,0,0,0,0,0,0
2273,unk,AVA,0,0,0,0,0,0,0,0,0,0
2274,unk,AVB,0,0,0,0,0,0,0,0,0,0
2275,unk,AVD,0,0,0,0,0,0,0,0,0,0
2276,unk,AVE,0,0,0,0,0,0,0,0,0,0
2277,unk,AVJ,0,0,0,0,0,0,0,0,0,0
2278,unk,AVK,0,0,0,0,0,0,0,0,0,0
2279,unk,AVL,0,0,0,0,0,0,0,0,0,0
2280,unk,BDU,0,0,0,0,0,0,0,0,0,0
2281,unk,DVA,0,0,0,0,0,0,0,0,0,0
2282,unk,DVB,0,0,0,0,0,0,0,0,0,0
2283,unk,PVC,0,0,0,0,0,0,0,0,0,0
2284,unk,PVN,0,0,0,0,0,0,0,0,0,0
2285,unk,PVR,0,0,0,0,0,0,0,0,0,0
2286,unk,PVT,0,0,0,0,0,0,0,0,0,0
2287,unk,RID,0,0,0,0,0,0,0,0,0,0
2288,unk,RIF,0,0,0,0,0,0,0,0,0,0
2289,unk,RIG,0,0,0,0,0,0,0,0,0,0
2290,unk,RIS,0,0,0,0,0,0,0,0,0,0
2291,unk,RMG,0,0,0,0,0,0,0,0,0,0
2292,unk,SAB,0,0,0,0,0,0,0,0,0,0
2293,unk,UNK,0,0,0,0,0,0,0,0,0,0
2294,unk,VB1,0,0,0,0,0,0,0,0,0,0
2295,unk,unk,0,0,0,0,0,0,0,0,0,0
2296,UK2,CEP,0,0,0,0,0,0,0,0,0,0
2297,UK2,RME,0,0,0,0,0,0,0,0,0,0
2298,UK2,SAA,0,0,0,0,0,0,0,0,0,0
2299,PVD,ADL,0,0,0,0,0,0,0,0,0,0
2300,PVD,AVD,0,0,0,0,0,0,0,0,0,0
2301,PVD,AVJ,0,0,0,0,0,0,0,0,0,0
2302,PVD,AWC,0,0,0,0,0,0,0,0,0,0
2303,PVD,URX,0,0,0,0,0,0,0,0,0,0
2304,DVB,AIB,0,0,0,0,0,0,0,0,0,0
2305,DVB,AQR,0,0,0,0,0,0,0,0,0,0
2306,DVB,AVA,0,0,0,0,0,0,0,0,0,0
2307,DVB,AVK,0,0,0,0,0,0,0,0,0,0
2308,DVB,AVL,0,0,0,0,0,0,0,0,0,0
2309,DVB,CEP,0,0,0,0,0,0,0,0,0,0
2310,DVB,CSS,0,0,0,0,0,0,0,0,0,0
2311,DVB,IL2,0,0,0,0,0,0,0,0,0,0
2312,DVB,OLQ,0,0,0,0,0,0,0,0,0,0
2313,DVB,PVT,0,0,0,0,0,0,0,0,0,0
2314,DVB,RIB,0,0,0,0,0,0,0,0,0,0
2315,DVB,RIH,0,0,0,0,0,0,0,0,0,0
2316,DVB,RIM,0,0,0,0,0,0,0,0,0,0
2317,DVB,SDQ,0,0,0,0,0,0,0,0,0,0
2318,DVB,URY,0,0,0,0,0,0,0,0,0,0
2319,DVB,unk,0,0,0,0,0,0,0,0,0,0
2320,OLS,IL2,0,0,0,0,0,0,0,0,0,0
2321,Rco,VB2,0,0,0,0,0,0,0,0,0,0
2322,Rco,are,0,0,0,0,0,0,0,0,0,0
2323,VB2,PVT,0,0,0,0,0,0,0,0,0,0
2324,VB2,Rco,0,0,0,0,0,0,0,0,0,0
2325,VB2,VD1,0,0,0,0,0,0,0,0,0,0
2326,are,AVA,0,0,0,0,0,0,0,0,0,0
2327,are,AVD,0,0,0,0,0,0,0,0,0,0
2328,are,Rco,0,0,0,0,0,0,0,0,0,0
2329,are,are,0,0,0,0,0,0,0,0,0,0
2330,are,dc_,0,0,0,0,0,0,0,0,0,0
2331,VB1,AIB,0,0,0,0,0,0,0,0,0,0
2332,VB1,ASJ,0,0,0,0,0,0,0,0,0,0
2333,VB1,AVK,0,0,0,0,0,0,0,0,0,0
2334,VB1,DVA,0,0,0,0,0,0,0,0,0,0
2335,VB1,SAA,0,0,0,0,0,0,0,0,0,0
2336,VB1,hyp,0,0,0,0,0,0,0,0,0,0
2337,VB1,unk,0,0,0,0,0,0,0,0,0,0
2338,VD1,VA1,0,0,0,0,0,0,0,0,0,0
2339,VD1,VB1,0,0,0,0,0,0,0,0,0,0
2340,dc_,RME,0,0,0,0,0,0,0,0,0,0
2341,dc_,are,0,0,0,0,0,0,0,0,0,0
2342,dc_,dc_,0,0,0,0,0,0,0,0,0,0