,Unnamed: 0,pre,post,witvliet_7_syn,witvliet_8_syn,cel_n2u_syn,pristi_series14,pristi_series15,how_many_datasets_have_syn,sum_synaptic_weight,average_synaptic_weight,herm_conservation,pristi_conservation,species_specific,how_many_datasets_have_syn_include_zeros,cyto_id,Cytoscape Bins
10,10,ADA,AVA,3.0,5.0,17.0,20.0,6.0,5,51.0,10.2,3,2,core,51.0,ADA (pp) AVA,>10
11,11,ADA,AVB,28.0,45.0,62.0,18.0,5.0,5,158.0,158.0,3,2,core,158.0,ADA (pp) AVB,>10
12,12,ADA,AVD,1.0,1.0,8.0,31.0,10.0,5,51.0,12.75,3,2,core,51.0,ADA (pp) AVD,>10
13,13,ADA,AVE,4.0,1.0,4.0,28.0,29.0,5,66.0,33.0,3,2,core,66.0,ADA (pp) AVE,>10
14,14,ADA,AVJ,10.0,18.0,24.0,20.0,12.0,5,84.0,42.0,3,2,core,84.0,ADA (pp) AVJ,>10
22,22,ADA,PVR,0.0,0.0,0.0,2.0,6.0,2,8.0,8.0,0,2,pristi_specific,8.0,ADA (pp) PVR,>3-10
23,23,ADA,RIA,0.0,0.0,0.0,15.0,14.0,2,29.0,29.0,0,2,pristi_specific,29.0,ADA (pp) RIA,>10
27,27,ADA,RIM,13.0,11.0,38.0,15.0,4.0,5,81.0,81.0,3,2,core,81.0,ADA (pp) RIM,>10
28,28,ADA,RIP,8.0,11.0,13.0,0.0,0.0,3,32.0,10.666666666666666,3,0,cel_specific,32.0,ADA (pp) RIP,>10
32,34,ADA,SIB,0.0,0.0,0.0,4.0,3.0,2,7.0,7.0,0,2,pristi_specific,7.0,ADA (pp) SIB,>3-10
38,40,ADE,ADE,9.0,8.0,14.0,0.0,0.0,3,31.0,31.0,3,0,cel_specific,31.0,ADE (pp) ADE,>10
40,42,ADE,ALM,1.0,1.0,1.0,0.0,0.0,3,3.0,1.0,3,0,cel_specific,3.0,ADE (pp) ALM,1-3
41,43,ADE,ALN,2.0,2.0,1.0,0.0,0.0,3,5.0,5.0,3,0,cel_specific,5.0,ADE (pp) ALN,>3-10
44,47,ADE,AVA,12.0,9.0,46.0,17.0,17.0,5,101.0,33.666666666666664,3,2,core,101.0,ADE (pp) AVA,>10
47,50,ADE,AVE,1.0,1.0,7.0,0.0,0.0,3,9.0,2.25,3,0,cel_specific,9.0,ADE (pp) AVE,1-3
53,56,ADE,CEP,5.0,5.0,8.0,0.0,0.0,3,18.0,18.0,3,0,cel_specific,18.0,ADE (pp) CEP,>10
56,59,ADE,FLP,1.0,1.0,9.0,0.0,0.0,3,11.0,5.5,3,0,cel_specific,11.0,ADE (pp) FLP,>3-10
57,60,ADE,IL1,8.0,5.0,4.0,0.0,0.0,3,17.0,17.0,3,0,cel_specific,17.0,ADE (pp) IL1,>10
58,61,ADE,IL2,3.0,4.0,6.0,0.0,0.0,3,13.0,13.0,3,0,cel_specific,13.0,ADE (pp) IL2,>10
59,62,ADE,OLL,6.0,2.0,10.0,0.0,0.0,3,18.0,9.0,3,0,cel_specific,18.0,ADE (pp) OLL,>3-10
65,69,ADE,RIG,34.0,34.0,87.0,56.0,35.0,5,246.0,246.0,3,2,core,246.0,ADE (pp) RIG,>10
68,72,ADE,RIV,6.0,6.0,5.0,0.0,0.0,3,17.0,17.0,3,0,cel_specific,17.0,ADE (pp) RIV,>10
69,73,ADE,RMD,8.0,8.0,17.0,0.0,0.0,3,33.0,11.0,3,0,cel_specific,33.0,ADE (pp) RMD,>10
72,78,ADE,SAA,3.0,4.0,1.0,0.0,0.0,3,8.0,2.0,3,0,cel_specific,8.0,ADE (pp) SAA,1-3
77,84,ADE,URB,1.0,1.0,3.0,0.0,0.0,3,5.0,5.0,3,0,cel_specific,5.0,ADE (pp) URB,>3-10
84,92,ADF,AIB,1.0,2.0,3.0,0.0,0.0,3,6.0,3.0,3,0,cel_specific,6.0,ADF (pp) AIB,1-3
87,95,ADF,AIZ,19.0,31.0,84.0,70.0,26.0,5,230.0,76.66666666666667,3,2,core,230.0,ADF (pp) AIZ,>10
91,99,ADF,AUA,13.0,3.0,21.0,18.0,3.0,5,58.0,58.0,3,2,core,58.0,ADF (pp) AUA,>10
92,100,ADF,AVH,2.0,1.0,1.0,0.0,0.0,3,4.0,4.0,3,0,cel_specific,4.0,ADF (pp) AVH,>3-10
97,105,ADF,OLQ,1.0,2.0,1.0,0.0,0.0,3,4.0,4.0,3,0,cel_specific,4.0,ADF (pp) OLQ,>3-10
100,109,ADF,RIA,35.0,29.0,122.0,115.0,13.0,5,314.0,104.66666666666669,3,2,core,314.0,ADF (pp) RIA,>10
103,112,ADF,RIG,9.0,7.0,29.0,0.0,0.0,3,45.0,15.0,3,0,cel_specific,45.0,ADF (pp) RIG,>10
105,114,ADF,RIP,0.0,0.0,0.0,40.0,7.0,2,47.0,15.666666666666666,0,2,pristi_specific,47.0,ADF (pp) RIP,>10
106,115,ADF,RIR,6.0,7.0,11.0,7.0,5.0,5,36.0,36.0,3,2,core,36.0,ADF (pp) RIR,>10
115,124,ADL,AIA,14.0,21.0,42.0,12.0,5.0,5,94.0,47.0,3,2,core,94.0,ADL (pp) AIA,>10
116,125,ADL,AIB,24.0,30.0,54.0,114.0,14.0,5,236.0,236.0,3,2,core,236.0,ADL (pp) AIB,>10
123,132,ADL,ASI,0.0,0.0,0.0,18.0,4.0,2,22.0,22.0,0,2,pristi_specific,22.0,ADL (pp) ASI,>10
127,136,ADL,AVB,2.0,1.0,19.0,4.0,2.0,5,28.0,28.0,3,2,core,28.0,ADL (pp) AVB,>10
128,137,ADL,AVD,14.0,26.0,48.0,9.0,2.0,5,99.0,99.0,3,2,core,99.0,ADL (pp) AVD,>10
133,142,ADL,AWB,1.0,2.0,3.0,5.0,3.0,5,14.0,3.5,3,2,core,14.0,ADL (pp) AWB,>3-10
149,161,ADL,RMG,0.0,0.0,0.0,6.0,3.0,2,9.0,9.0,0,2,pristi_specific,9.0,ADL (pp) RMG,>3-10
152,164,ADL,SMD,0.0,0.0,0.0,2.0,5.0,2,7.0,7.0,0,2,pristi_specific,7.0,ADL (pp) SMD,>3-10
160,172,AFD,AIY,27.0,20.0,56.0,116.0,26.0,5,245.0,245.0,3,2,core,245.0,AFD (pp) AIY,>10
169,181,AFD,SIB,0.0,0.0,0.0,4.0,2.0,2,6.0,6.0,0,2,pristi_specific,6.0,AFD (pp) SIB,>3-10
170,182,AIA,ADA,4.0,5.0,8.0,0.0,0.0,3,17.0,17.0,3,0,cel_specific,17.0,AIA (pp) ADA,>10
174,186,AIA,AIB,25.0,34.0,99.0,63.0,19.0,5,240.0,,3,2,core,240.0,AIA (pp) AIB,>10
186,198,AIA,ASE,13.0,21.0,19.0,2.0,3.0,5,58.0,11.6,3,2,core,58.0,AIA (pp) ASE,>10
188,201,AIA,RIF,3.0,3.0,51.0,0.0,0.0,3,57.0,57.0,3,0,cel_specific,57.0,AIA (pp) RIF,>10
200,214,AIB,AUA,1.0,4.0,1.0,0.0,0.0,3,6.0,3.0,3,0,cel_specific,6.0,AIB (pp) AUA,1-3
201,215,AIB,AVA,9.0,7.0,9.0,20.0,3.0,5,48.0,48.0,3,2,core,48.0,AIB (pp) AVA,>10
202,216,AIB,AVB,17.0,14.0,39.0,37.0,3.0,5,110.0,55.0,3,2,core,110.0,AIB (pp) AVB,>10
208,222,AIB,DVA,2.0,1.0,1.0,0.0,0.0,3,4.0,4.0,3,0,cel_specific,4.0,AIB (pp) DVA,>3-10
213,227,AIB,RIA,1.0,1.0,3.0,0.0,0.0,3,5.0,5.0,3,0,cel_specific,5.0,AIB (pp) RIA,>3-10
214,228,AIB,RIB,15.0,22.0,27.0,10.0,2.0,5,76.0,76.0,3,2,core,76.0,AIB (pp) RIB,>10
217,231,AIB,RIG,1.0,4.0,6.0,0.0,0.0,3,11.0,2.2,3,0,cel_specific,11.0,AIB (pp) RIG,1-3
218,232,AIB,RIM,53.0,43.0,114.0,89.0,21.0,5,320.0,320.0,3,2,core,320.0,AIB (pp) RIM,>10
223,239,AIB,SMD,24.0,24.0,44.0,61.0,24.0,5,177.0,177.0,3,2,core,177.0,AIB (pp) SMD,>10
229,246,AIM,AIA,15.0,19.0,24.0,0.0,0.0,3,58.0,29.0,3,0,cel_specific,58.0,AIM (pp) AIA,>10
230,247,AIM,AIB,0.0,0.0,0.0,3.0,4.0,2,7.0,3.5,0,2,pristi_specific,7.0,AIM (pp) AIB,>3-10
231,248,AIM,AIM,2.0,1.0,1.0,0.0,0.0,3,4.0,1.0,3,0,cel_specific,4.0,AIM (pp) AIM,1-3
235,252,AIM,ALM,1.0,2.0,1.0,0.0,0.0,3,4.0,4.0,3,0,cel_specific,4.0,AIM (pp) ALM,>3-10
236,253,AIM,ASG,13.0,14.0,16.0,0.0,0.0,3,43.0,14.333333333333334,3,0,cel_specific,43.0,AIM (pp) ASG,>10
240,257,AIM,AVA,1.0,1.0,1.0,0.0,0.0,3,3.0,0.75,3,0,cel_specific,3.0,AIM (pp) AVA,1-3
242,259,AIM,AVD,2.0,3.0,3.0,0.0,0.0,3,8.0,8.0,3,0,cel_specific,8.0,AIM (pp) AVD,>3-10
244,262,AIM,AVJ,1.0,2.0,2.0,0.0,0.0,3,5.0,5.0,3,0,cel_specific,5.0,AIM (pp) AVJ,>3-10
247,265,AIM,CEP,1.0,1.0,4.0,12.0,8.0,5,26.0,13.0,3,2,core,26.0,AIM (pp) CEP,>10
257,278,AIM,SMB,2.0,2.0,4.0,1.0,2.0,5,11.0,2.75,3,2,core,11.0,AIM (pp) SMB,1-3
259,280,AIN,ADF,0.0,0.0,0.0,1.0,3.0,2,4.0,2.0,0,2,pristi_specific,4.0,AIN (pp) ADF,1-3
260,281,AIN,AFD,16.0,17.0,22.0,0.0,0.0,3,55.0,55.0,3,0,cel_specific,55.0,AIN (pp) AFD,>10
262,283,AIN,AIB,4.0,2.0,2.0,17.0,6.0,5,31.0,31.0,3,2,core,31.0,AIN (pp) AIB,>10
265,286,AIN,AIZ,0.0,0.0,0.0,7.0,3.0,2,10.0,10.0,0,2,pristi_specific,10.0,AIN (pp) AIZ,>3-10
269,290,AIN,AUA,7.0,5.0,5.0,9.0,6.0,5,32.0,32.0,3,2,core,32.0,AIN (pp) AUA,>10
271,292,AIN,AWA,0.0,0.0,0.0,10.0,3.0,2,13.0,13.0,0,2,pristi_specific,13.0,AIN (pp) AWA,>10
273,294,AIN,BAG,19.0,16.0,14.0,12.0,2.0,5,63.0,63.0,3,2,core,63.0,AIN (pp) BAG,>10
274,295,AIN,CEP,3.0,5.0,2.0,0.0,0.0,3,10.0,2.5,3,0,cel_specific,10.0,AIN (pp) CEP,1-3
276,297,AIN,RIB,15.0,13.0,13.0,22.0,9.0,5,72.0,36.0,3,2,core,72.0,AIN (pp) RIB,>10
277,298,AIN,RID,1.0,5.0,4.0,0.0,0.0,3,10.0,10.0,3,0,cel_specific,10.0,AIN (pp) RID,>3-10
287,309,AIY,AIZ,26.0,23.0,219.0,145.0,57.0,5,470.0,235.0,3,2,core,470.0,AIY (pp) AIZ,>10
296,318,AIY,BAG,1.0,3.0,1.0,0.0,0.0,3,5.0,1.25,3,0,cel_specific,5.0,AIY (pp) BAG,1-3
297,320,AIY,RIA,11.0,6.0,167.0,104.0,45.0,5,333.0,166.5,3,2,core,333.0,AIY (pp) RIA,>10
298,321,AIY,RIB,12.0,12.0,168.0,115.0,46.0,5,353.0,88.25,3,2,core,353.0,AIY (pp) RIB,>10
306,329,AIZ,AIA,10.0,22.0,17.0,0.0,0.0,3,49.0,24.5,3,0,cel_specific,49.0,AIZ (pp) AIA,>10
307,330,AIZ,AIB,46.0,74.0,116.0,102.0,22.0,5,360.0,360.0,3,2,core,360.0,AIZ (pp) AIB,>10
315,338,AIZ,AVE,24.0,20.0,58.0,0.0,0.0,3,102.0,102.0,3,0,cel_specific,102.0,AIZ (pp) AVE,>10
319,342,AIZ,ASE,3.0,3.0,4.0,0.0,0.0,3,10.0,10.0,3,0,cel_specific,10.0,AIZ (pp) ASE,>3-10
321,344,AIZ,DVA,1.0,1.0,4.0,0.0,0.0,3,6.0,3.0,3,0,cel_specific,6.0,AIZ (pp) DVA,1-3
322,345,AIZ,RIA,24.0,20.0,58.0,51.0,3.0,5,156.0,156.0,3,2,core,156.0,AIZ (pp) RIA,>10
328,351,AIZ,RIM,24.0,41.0,69.0,76.0,26.0,5,236.0,78.66666666666667,3,2,core,236.0,AIZ (pp) RIM,>10
330,353,AIZ,RIR,0.0,0.0,0.0,63.0,6.0,2,69.0,34.5,0,2,pristi_specific,69.0,AIZ (pp) RIR,>10
332,356,AIZ,SMB,56.0,48.0,95.0,110.0,25.0,5,334.0,83.5,3,2,core,334.0,AIZ (pp) SMB,>10
341,366,ALA,AVE,7.0,5.0,12.0,16.0,9.0,5,49.0,9.8,3,2,core,49.0,ALA (pp) AVE,>3-10
354,380,ALM,AVD,1.0,5.0,3.0,3.0,12.0,5,24.0,24.0,3,2,core,24.0,ALM (pp) AVD,>10
356,382,ALM,AVJ,0.0,0.0,0.0,2.0,3.0,2,5.0,1.6666666666666667,0,2,pristi_specific,5.0,ALM (pp) AVJ,1-3
360,387,ALM,PVC,12.0,17.0,25.0,61.0,15.0,5,130.0,130.0,3,2,core,130.0,ALM (pp) PVC,>10
379,408,ALN,RIA,1.0,1.0,1.0,0.0,0.0,3,3.0,0.75,3,0,cel_specific,3.0,ALN (pp) RIA,1-3
384,413,ALN,RMG,2.0,1.0,1.0,1.0,6.0,5,11.0,11.0,3,2,core,11.0,ALN (pp) RMG,>10
385,415,ALN,SAA,21.0,19.0,18.0,3.0,6.0,5,67.0,67.0,3,2,core,67.0,ALN (pp) SAA,>10
388,418,ALN,SMB,8.0,8.0,11.0,9.0,8.0,5,44.0,44.0,3,2,core,44.0,ALN (pp) SMB,>10
391,451,AWC,ADL,2.0,2.0,5.0,0.0,0.0,3,9.0,9.0,3,0,cel_specific,9.0,AWC (pp) ADL,>3-10
393,453,AWC,AIA,5.0,2.0,18.0,2.0,4.0,5,31.0,31.0,3,2,core,31.0,AWC (pp) AIA,>10
394,454,AWC,AIB,40.0,37.0,67.0,25.0,5.0,5,174.0,34.8,3,2,core,174.0,AWC (pp) AIB,>10
396,456,AWC,AIY,47.0,49.0,104.0,88.0,3.0,5,291.0,72.75,3,2,core,291.0,AWC (pp) AIY,>10
404,464,AWC,AWA,2.0,1.0,1.0,19.0,3.0,5,26.0,26.0,3,2,core,26.0,AWC (pp) AWA,>10
406,466,AWC,ASE,11.0,15.0,30.0,0.0,0.0,3,56.0,28.0,3,0,cel_specific,56.0,AWC (pp) ASE,>10
411,473,AWC,RIA,5.0,1.0,2.0,0.0,0.0,3,8.0,8.0,3,0,cel_specific,8.0,AWC (pp) RIA,>3-10
417,479,ASG,AIA,29.0,19.0,126.0,31.0,12.0,5,217.0,72.33333333333333,3,2,core,217.0,ASG (pp) AIA,>10
428,490,ASG,AVE,0.0,0.0,0.0,3.0,4.0,2,7.0,1.75,0,2,pristi_specific,7.0,ASG (pp) AVE,1-3
431,493,ASH,ADA,6.0,5.0,8.0,0.0,0.0,3,19.0,19.0,3,0,cel_specific,19.0,ASH (pp) ADA,>10
432,494,ASH,ADF,4.0,1.0,11.0,0.0,0.0,3,16.0,8.0,3,0,cel_specific,16.0,ASH (pp) ADF,>3-10
436,498,ASH,AIB,14.0,14.0,25.0,22.0,6.0,5,81.0,81.0,3,2,core,81.0,ASH (pp) AIB,>10
443,505,ASH,AVA,14.0,35.0,26.0,0.0,0.0,3,75.0,25.0,3,0,cel_specific,75.0,ASH (pp) AVA,>10
444,506,ASH,AVB,23.0,22.0,20.0,0.0,0.0,3,65.0,21.666666666666668,3,0,cel_specific,65.0,ASH (pp) AVB,>10
445,507,ASH,AVD,22.0,21.0,56.0,0.0,0.0,3,99.0,49.5,3,0,cel_specific,99.0,ASH (pp) AVD,>10
446,508,ASH,AVE,1.0,4.0,7.0,0.0,0.0,3,12.0,12.0,3,0,cel_specific,12.0,ASH (pp) AVE,>10
447,510,ASH,AVH,4.0,3.0,3.0,0.0,0.0,3,10.0,3.3333333333333335,3,0,cel_specific,10.0,ASH (pp) AVH,>3-10
449,512,ASH,AWA,1.0,2.0,1.0,0.0,0.0,3,4.0,2.0,3,0,cel_specific,4.0,ASH (pp) AWA,1-3
450,513,ASH,AWB,4.0,3.0,1.0,0.0,0.0,3,8.0,8.0,3,0,cel_specific,8.0,ASH (pp) AWB,>3-10
455,520,ASH,RIA,3.0,2.0,17.0,0.0,0.0,3,22.0,22.0,3,0,cel_specific,22.0,ASH (pp) RIA,>10
467,532,ASI,AIA,12.0,11.0,7.0,8.0,2.0,5,40.0,40.0,3,2,core,40.0,ASI (pp) AIA,>10
468,533,ASI,AIB,12.0,13.0,7.0,25.0,11.0,5,68.0,68.0,3,2,core,68.0,ASI (pp) AIB,>10
469,534,ASI,AIM,0.0,0.0,0.0,13.0,5.0,2,18.0,18.0,0,2,pristi_specific,18.0,ASI (pp) AIM,>10
470,535,ASI,AIY,1.0,2.0,5.0,12.0,10.0,5,30.0,7.5,3,2,core,30.0,ASI (pp) AIY,>3-10
473,538,ASI,ASG,5.0,8.0,6.0,0.0,0.0,3,19.0,19.0,3,0,cel_specific,19.0,ASI (pp) ASG,>10
477,542,ASI,ASK,2.0,1.0,4.0,1.0,2.0,5,10.0,10.0,3,2,core,10.0,ASI (pp) ASK,>3-10
479,545,ASI,AWA,3.0,1.0,3.0,0.0,0.0,3,7.0,3.5,3,0,cel_specific,7.0,ASI (pp) AWA,>3-10
485,553,ASI,PVQ,0.0,0.0,0.0,8.0,2.0,2,10.0,3.3333333333333335,0,2,pristi_specific,10.0,ASI (pp) PVQ,>3-10
491,560,ASI,SMB,0.0,0.0,0.0,1.0,2.0,2,3.0,3.0,0,2,pristi_specific,3.0,ASI (pp) SMB,1-3
504,576,ASJ,PVQ,24.0,27.0,63.0,96.0,19.0,5,229.0,76.33333333333333,3,2,core,229.0,ASJ (pp) PVQ,>10
511,583,ASK,AIA,42.0,55.0,69.0,61.0,22.0,5,249.0,83.0,3,2,core,249.0,ASK (pp) AIA,>10
513,585,ASK,AIM,12.0,13.0,10.0,0.0,0.0,3,35.0,35.0,3,0,cel_specific,35.0,ASK (pp) AIM,>10
517,589,ASK,ASG,1.0,1.0,1.0,0.0,0.0,3,3.0,1.0,3,0,cel_specific,3.0,ASK (pp) ASG,1-3
539,614,AUA,AVA,11.0,15.0,13.0,0.0,0.0,3,39.0,13.0,3,0,cel_specific,39.0,AUA (pp) AVA,>10
544,619,AUA,RIA,32.0,38.0,43.0,62.0,8.0,5,183.0,91.5,3,2,core,183.0,AUA (pp) RIA,>10
545,620,AUA,RIB,43.0,33.0,66.0,57.0,8.0,5,207.0,207.0,3,2,core,207.0,AUA (pp) RIB,>10
578,686,AVH,ADF,3.0,6.0,5.0,0.0,0.0,3,14.0,14.0,3,0,cel_specific,14.0,AVH (pp) ADF,>10
579,687,AVH,ADL,1.0,1.0,3.0,0.0,0.0,3,5.0,5.0,3,0,cel_specific,5.0,AVH (pp) ADL,>3-10
583,692,AVH,ASH,2.0,1.0,1.0,0.0,0.0,3,4.0,0.8,3,0,cel_specific,4.0,AVH (pp) ASH,1-3
585,694,AVH,AVA,3.0,1.0,2.0,0.0,0.0,3,6.0,3.0,3,0,cel_specific,6.0,AVH (pp) AVA,1-3
586,695,AVH,AVB,1.0,5.0,6.0,0.0,0.0,3,12.0,3.0,3,0,cel_specific,12.0,AVH (pp) AVB,1-3
589,698,AVH,AVJ,2.0,4.0,8.0,0.0,0.0,3,14.0,14.0,3,0,cel_specific,14.0,AVH (pp) AVJ,>10
590,700,AVH,AWB,5.0,6.0,4.0,0.0,0.0,3,15.0,5.0,3,0,cel_specific,15.0,AVH (pp) AWB,>3-10
593,703,AVH,DVA,5.0,1.0,1.0,0.0,0.0,3,7.0,3.5,3,0,cel_specific,7.0,AVH (pp) DVA,>3-10
595,705,AVH,PVP,7.0,5.0,11.0,0.0,0.0,3,23.0,11.5,3,0,cel_specific,23.0,AVH (pp) PVP,>10
598,708,AVH,RIM,1.0,1.0,1.0,0.0,0.0,3,3.0,3.0,3,0,cel_specific,3.0,AVH (pp) RIM,1-3
599,709,AVH,RIR,7.0,13.0,10.0,0.0,0.0,3,30.0,30.0,3,0,cel_specific,30.0,AVH (pp) RIR,>10
602,713,AVH,SMB,6.0,10.0,12.0,0.0,0.0,3,28.0,28.0,3,0,cel_specific,28.0,AVH (pp) SMB,>10
612,724,AVJ,AVA,1.0,1.0,1.0,0.0,0.0,3,3.0,3.0,3,0,cel_specific,3.0,AVJ (pp) AVA,1-3
613,725,AVJ,AVB,11.0,7.0,19.0,22.0,20.0,5,79.0,39.5,3,2,core,79.0,AVJ (pp) AVB,>10
615,727,AVJ,AVE,0.0,0.0,0.0,3.0,10.0,2,13.0,4.333333333333333,0,2,pristi_specific,13.0,AVJ (pp) AVE,>3-10
621,734,AVJ,PVC,8.0,4.0,19.0,5.0,2.0,5,38.0,9.5,3,2,core,38.0,AVJ (pp) PVC,>3-10
626,740,AVJ,RIS,1.0,1.0,1.0,0.0,0.0,3,3.0,3.0,3,0,cel_specific,3.0,AVJ (pp) RIS,1-3
631,746,AVK,AVA,0.0,0.0,0.0,3.0,2.0,2,5.0,1.0,0,2,pristi_specific,5.0,AVK (pp) AVA,1-3
640,755,AVK,RIM,14.0,14.0,13.0,60.0,46.0,5,147.0,29.4,3,2,core,147.0,AVK (pp) RIM,>10
648,766,AVK,SMB,1.0,1.0,5.0,0.0,0.0,3,7.0,1.4,3,0,cel_specific,7.0,AVK (pp) SMB,1-3
649,767,AVK,SMD,6.0,5.0,4.0,0.0,0.0,3,15.0,3.0,3,0,cel_specific,15.0,AVK (pp) SMD,1-3
651,770,AVL,AVA,0.0,0.0,0.0,6.0,3.0,2,9.0,9.0,0,2,pristi_specific,9.0,AVL (pp) AVA,>3-10
660,779,AVL,RIS,1.0,1.0,1.0,0.0,0.0,3,3.0,1.5,3,0,cel_specific,3.0,AVL (pp) RIS,1-3
666,800,AWA,AFD,9.0,11.0,30.0,0.0,0.0,3,50.0,50.0,3,0,cel_specific,50.0,AWA (pp) AFD,>10
672,806,AWA,AIZ,26.0,26.0,51.0,50.0,3.0,5,156.0,156.0,3,2,core,156.0,AWA (pp) AIZ,>10
675,809,AWA,ASH,3.0,2.0,2.0,0.0,0.0,3,7.0,,3,0,cel_specific,7.0,AWA (pp) ASH,>10
679,813,AWA,AVB,0.0,0.0,0.0,8.0,5.0,2,13.0,13.0,0,2,pristi_specific,13.0,AWA (pp) AVB,>10
685,821,AWA,RIF,5.0,1.0,6.0,0.0,0.0,3,12.0,4.0,3,0,cel_specific,12.0,AWA (pp) RIF,>3-10
688,824,AWA,RIM,0.0,0.0,0.0,18.0,5.0,2,23.0,4.6,0,2,pristi_specific,23.0,AWA (pp) RIM,>3-10
691,827,AWB,ADA,0.0,0.0,0.0,8.0,5.0,2,13.0,6.5,0,2,pristi_specific,13.0,AWB (pp) ADA,>3-10
692,828,AWB,ADF,23.0,21.0,32.0,25.0,6.0,5,107.0,107.0,3,2,core,107.0,AWB (pp) ADF,>10
693,829,AWB,ADL,0.0,0.0,0.0,7.0,3.0,2,10.0,10.0,0,2,pristi_specific,10.0,AWB (pp) ADL,>3-10
694,830,AWB,AIA,1.0,5.0,4.0,12.0,8.0,5,30.0,30.0,3,2,core,30.0,AWB (pp) AIA,>10
697,833,AWB,AIY,1.0,1.0,2.0,5.0,4.0,5,13.0,13.0,3,2,core,13.0,AWB (pp) AIY,>10
699,835,AWB,ALM,0.0,0.0,0.0,19.0,3.0,2,22.0,22.0,0,2,pristi_specific,22.0,AWB (pp) ALM,>10
707,843,AWB,AVD,0.0,0.0,0.0,53.0,10.0,2,63.0,63.0,0,2,pristi_specific,63.0,AWB (pp) AVD,>10
709,845,AWB,AVJ,0.0,0.0,0.0,20.0,19.0,2,39.0,39.0,0,2,pristi_specific,39.0,AWB (pp) AVJ,>10
710,846,AWB,AWA,2.0,2.0,2.0,0.0,0.0,3,6.0,6.0,3,0,cel_specific,6.0,AWB (pp) AWA,>3-10
714,851,AWB,PVC,0.0,0.0,0.0,18.0,2.0,2,20.0,20.0,0,2,pristi_specific,20.0,AWB (pp) PVC,>10
717,855,AWB,RIA,3.0,2.0,13.0,18.0,13.0,5,49.0,,3,2,core,49.0,AWB (pp) RIA,>10
720,858,AWB,RIG,2.0,4.0,2.0,0.0,0.0,3,8.0,8.0,3,0,cel_specific,8.0,AWB (pp) RIG,>3-10
725,863,AWB,SMB,3.0,3.0,5.0,0.0,0.0,3,11.0,11.0,3,0,cel_specific,11.0,AWB (pp) SMB,>10
731,869,ASE,AIB,22.0,30.0,35.0,28.0,13.0,5,128.0,42.666666666666664,3,2,core,128.0,ASE (pp) AIB,>10
734,872,ASE,AIY,25.0,34.0,56.0,2.0,52.0,5,169.0,84.5,3,2,core,169.0,ASE (pp) AIY,>10
735,873,ASE,AIZ,2.0,3.0,1.0,0.0,0.0,3,6.0,6.0,3,0,cel_specific,6.0,ASE (pp) AIZ,>3-10
736,874,ASE,AWC,7.0,6.0,14.0,0.0,0.0,3,27.0,27.0,3,0,cel_specific,27.0,ASE (pp) AWC,>10
739,877,ASE,ASI,1.0,2.0,5.0,0.0,0.0,3,8.0,1.6,3,0,cel_specific,8.0,ASE (pp) ASI,1-3
747,886,ASE,IL2,1.0,1.0,2.0,0.0,0.0,3,4.0,4.0,3,0,cel_specific,4.0,ASE (pp) IL2,>3-10
758,898,BAG,AIY,2.0,2.0,3.0,0.0,0.0,3,7.0,2.3333333333333335,3,0,cel_specific,7.0,BAG (pp) AIY,1-3
763,904,BAG,AVE,11.0,19.0,17.0,6.0,3.0,5,56.0,56.0,3,2,core,56.0,BAG (pp) AVE,>10
768,909,BAG,RIA,26.0,34.0,36.0,37.0,11.0,5,144.0,144.0,3,2,core,144.0,BAG (pp) RIA,>10
769,910,BAG,RIB,19.0,37.0,42.0,38.0,11.0,5,147.0,73.5,3,2,core,147.0,BAG (pp) RIB,>10
785,928,BDU,AVJ,8.0,3.0,9.0,18.0,16.0,5,54.0,54.0,3,2,core,54.0,BDU (pp) AVJ,>10
787,931,BDU,BDU,0.0,0.0,0.0,4.0,3.0,2,7.0,3.5,0,2,pristi_specific,7.0,BDU (pp) BDU,>3-10
796,943,BDU,PVR,0.0,0.0,0.0,17.0,10.0,2,27.0,27.0,0,2,pristi_specific,27.0,BDU (pp) PVR,>10
801,948,BDU,RIS,0.0,0.0,0.0,16.0,2.0,2,18.0,4.5,0,2,pristi_specific,18.0,BDU (pp) RIS,>3-10
804,952,BDU,URA,2.0,1.0,6.0,0.0,0.0,3,9.0,2.25,3,0,cel_specific,9.0,BDU (pp) URA,1-3
805,953,BDU,URB,0.0,0.0,0.0,7.0,2.0,2,9.0,1.8,0,2,pristi_specific,9.0,BDU (pp) URB,1-3
811,959,CEP,ALM,1.0,1.0,2.0,0.0,0.0,3,4.0,4.0,3,0,cel_specific,4.0,CEP (pp) ALM,>3-10
815,963,CEP,AVE,26.0,30.0,48.0,21.0,15.0,5,140.0,140.0,3,2,core,140.0,CEP (pp) AVE,>10
819,967,CEP,IL1,15.0,22.0,51.0,90.0,30.0,5,208.0,69.33333333333333,3,2,core,208.0,CEP (pp) IL1,>10
821,969,CEP,OLL,31.0,45.0,44.0,11.0,3.0,5,134.0,134.0,3,2,core,134.0,CEP (pp) OLL,>10
822,970,CEP,OLQ,24.0,23.0,77.0,0.0,0.0,3,124.0,124.0,3,0,cel_specific,124.0,CEP (pp) OLQ,>10
825,974,CEP,RIB,4.0,4.0,9.0,0.0,0.0,3,17.0,4.25,3,0,cel_specific,17.0,CEP (pp) RIB,>3-10
826,975,CEP,RIC,32.0,32.0,113.0,81.0,95.0,5,353.0,353.0,3,2,core,353.0,CEP (pp) RIC,>10
831,980,CEP,RIS,2.0,2.0,3.0,2.0,3.0,5,12.0,4.0,3,2,core,12.0,CEP (pp) RIS,>3-10
833,982,CEP,RMD,27.0,34.0,41.0,67.0,34.0,5,203.0,203.0,3,2,core,203.0,CEP (pp) RMD,>10
834,983,CEP,RMG,1.0,1.0,9.0,0.0,0.0,3,11.0,5.5,3,0,cel_specific,11.0,CEP (pp) RMG,>3-10
835,986,CEP,SIA,3.0,5.0,17.0,0.0,0.0,3,25.0,,3,0,cel_specific,25.0,CEP (pp) SIA,>10
840,991,CEP,URB,8.0,12.0,25.0,0.0,0.0,3,45.0,22.5,3,0,cel_specific,45.0,CEP (pp) URB,>10
842,993,CEP,URY,9.0,6.0,17.0,0.0,0.0,3,32.0,16.0,3,0,cel_specific,32.0,CEP (pp) URY,>10
846,999,DVA,AUA,8.0,5.0,12.0,0.0,0.0,3,25.0,6.25,3,0,cel_specific,25.0,DVA (pp) AUA,>3-10
847,1000,DVA,AVA,2.0,3.0,9.0,0.0,0.0,3,14.0,14.0,3,0,cel_specific,14.0,DVA (pp) AVA,>10
848,1001,DVA,AVB,1.0,1.0,2.0,2.0,6.0,5,12.0,3.0,3,2,core,12.0,DVA (pp) AVB,1-3
850,1003,DVA,AVE,23.0,14.0,36.0,33.0,20.0,5,126.0,25.2,3,2,core,126.0,DVA (pp) AVE,>10
852,1005,DVA,CEP,0.0,0.0,0.0,6.0,2.0,2,8.0,4.0,0,2,pristi_specific,8.0,DVA (pp) CEP,>3-10
857,1010,DVA,RIA,2.0,3.0,11.0,0.0,0.0,3,16.0,5.333333333333333,3,0,cel_specific,16.0,DVA (pp) RIA,>3-10
863,1016,DVA,RIR,4.0,2.0,4.0,0.0,0.0,3,10.0,10.0,3,0,cel_specific,10.0,DVA (pp) RIR,>3-10
868,1024,DVA,SMB,6.0,6.0,23.0,0.0,0.0,3,35.0,8.75,3,0,cel_specific,35.0,DVA (pp) SMB,>3-10
871,1027,DVA,URY,1.0,2.0,3.0,0.0,0.0,3,6.0,6.0,3,0,cel_specific,6.0,DVA (pp) URY,>3-10
874,1031,DVC,AIB,16.0,12.0,6.0,26.0,26.0,5,86.0,86.0,3,2,core,86.0,DVC (pp) AIB,>10
876,1034,DVC,AVA,16.0,15.0,50.0,44.0,43.0,5,168.0,168.0,3,2,core,168.0,DVC (pp) AVA,>10
886,1044,DVC,RIB,10.0,14.0,8.0,14.0,5.0,5,51.0,12.75,3,2,core,51.0,DVC (pp) RIB,>10
891,1049,DVC,RIV,1.0,1.0,2.0,0.0,0.0,3,4.0,1.3333333333333333,3,0,cel_specific,4.0,DVC (pp) RIV,1-3
895,1055,FLP,ADA,2.0,1.0,2.0,0.0,0.0,3,5.0,1.6666666666666667,3,0,cel_specific,5.0,FLP (pp) ADA,1-3
896,1056,FLP,ADE,4.0,3.0,33.0,0.0,0.0,3,40.0,20.0,3,0,cel_specific,40.0,FLP (pp) ADE,>10
897,1057,FLP,AIB,10.0,2.0,9.0,0.0,0.0,3,21.0,10.5,3,0,cel_specific,21.0,FLP (pp) AIB,>10
898,1058,FLP,AVA,38.0,30.0,104.0,0.0,0.0,3,172.0,172.0,3,0,cel_specific,172.0,FLP (pp) AVA,>10
899,1059,FLP,AVB,11.0,6.0,76.0,0.0,0.0,3,93.0,46.5,3,0,cel_specific,93.0,FLP (pp) AVB,>10
900,1060,FLP,AVD,6.0,8.0,58.0,0.0,0.0,3,72.0,72.0,3,0,cel_specific,72.0,FLP (pp) AVD,>10
901,1061,FLP,AVE,6.0,8.0,48.0,0.0,0.0,3,62.0,31.0,3,0,cel_specific,62.0,FLP (pp) AVE,>10
904,1064,FLP,FLP,3.0,4.0,14.0,0.0,0.0,3,21.0,21.0,3,0,cel_specific,21.0,FLP (pp) FLP,>10
905,1065,FLP,PVC,5.0,2.0,2.0,0.0,0.0,3,9.0,3.0,3,0,cel_specific,9.0,FLP (pp) PVC,1-3
911,1109,IL1,AVE,3.0,2.0,12.0,0.0,0.0,3,17.0,17.0,3,0,cel_specific,17.0,IL1 (pp) AVE,>10
913,1111,IL1,CEP,0.0,0.0,0.0,9.0,9.0,2,18.0,18.0,0,2,pristi_specific,18.0,IL1 (pp) CEP,>10
922,1120,IL1,RMD,80.0,63.0,243.0,84.0,57.0,5,527.0,527.0,3,2,core,527.0,IL1 (pp) RMD,>10
923,1121,IL1,RME,8.0,10.0,10.0,34.0,11.0,5,73.0,36.5,3,2,core,73.0,IL1 (pp) RME,>10
926,1126,IL1,SMB,0.0,0.0,0.0,12.0,3.0,2,15.0,15.0,0,2,pristi_specific,15.0,IL1 (pp) SMB,>10
927,1127,IL1,SMD,0.0,0.0,0.0,2.0,2.0,2,4.0,1.3333333333333333,0,2,pristi_specific,4.0,IL1 (pp) SMD,1-3
928,1128,IL1,URA,1.0,3.0,30.0,23.0,17.0,5,74.0,74.0,3,2,core,74.0,IL1 (pp) URA,>10
933,1133,IL2,ADE,3.0,3.0,16.0,0.0,0.0,3,22.0,,3,0,cel_specific,22.0,IL2 (pp) ADE,>10
943,1143,IL2,CEP,1.0,1.0,2.0,0.0,0.0,3,4.0,2.0,3,0,cel_specific,4.0,IL2 (pp) CEP,1-3
945,1145,IL2,IL1,27.0,29.0,109.0,8.0,3.0,5,176.0,44.0,3,2,core,176.0,IL2 (pp) IL1,>10
946,1146,IL2,IL2,2.0,2.0,3.0,31.0,5.0,5,43.0,43.0,3,2,core,43.0,IL2 (pp) IL2,>10
949,1149,IL2,RIA,5.0,7.0,6.0,0.0,0.0,3,18.0,18.0,3,0,cel_specific,18.0,IL2 (pp) RIA,>10
951,1151,IL2,RIC,5.0,2.0,4.0,0.0,0.0,3,11.0,5.5,3,0,cel_specific,11.0,IL2 (pp) RIC,>3-10
953,1153,IL2,RIH,26.0,31.0,56.0,0.0,0.0,3,113.0,113.0,3,0,cel_specific,113.0,IL2 (pp) RIH,>10
954,1154,IL2,RIP,56.0,70.0,150.0,83.0,33.0,5,392.0,78.4,3,2,core,392.0,IL2 (pp) RIP,>10
955,1155,IL2,RMD,7.0,7.0,6.0,0.0,0.0,3,20.0,20.0,3,0,cel_specific,20.0,IL2 (pp) RMD,>10
956,1156,IL2,RME,58.0,64.0,130.0,54.0,36.0,5,342.0,342.0,3,2,core,342.0,IL2 (pp) RME,>10
962,1163,IL2,URB,1.0,1.0,3.0,0.0,0.0,3,5.0,1.25,3,0,cel_specific,5.0,IL2 (pp) URB,1-3
963,1164,IL2,URX,3.0,4.0,5.0,0.0,0.0,3,12.0,6.0,3,0,cel_specific,12.0,IL2 (pp) URX,>3-10
966,1167,OLL,AVE,56.0,64.0,92.0,67.0,36.0,5,315.0,,3,2,core,315.0,OLL (pp) AVE,>10
967,1168,OLL,CEP,32.0,34.0,42.0,50.0,24.0,5,182.0,91.0,3,2,core,182.0,OLL (pp) CEP,>10
968,1169,OLL,IL1,8.0,10.0,6.0,37.0,23.0,5,84.0,42.0,3,2,core,84.0,OLL (pp) IL1,>10
972,1173,OLL,RIB,24.0,27.0,45.0,57.0,31.0,5,184.0,184.0,3,2,core,184.0,OLL (pp) RIB,>10
974,1175,OLL,RMD,49.0,67.0,69.0,22.0,26.0,5,233.0,233.0,3,2,core,233.0,OLL (pp) RMD,>10
977,1179,OLL,SMD,28.0,28.0,46.0,12.0,1.0,5,115.0,38.333333333333336,3,2,core,115.0,OLL (pp) SMD,>10
981,1183,OLL,URY,1.0,1.0,3.0,1.0,6.0,5,12.0,12.0,3,2,core,12.0,OLL (pp) URY,>10
987,1190,OLQ,BDU,0.0,0.0,0.0,2.0,3.0,2,5.0,5.0,0,2,pristi_specific,5.0,OLQ (pp) BDU,>3-10
990,1193,OLQ,IL1,3.0,2.0,3.0,95.0,19.0,5,122.0,30.5,3,2,core,122.0,OLQ (pp) IL1,>10
991,1194,OLQ,IL2,17.0,18.0,1.0,11.0,3.0,5,50.0,25.0,3,2,core,50.0,OLQ (pp) IL2,>10
992,1195,OLQ,OLL,0.0,0.0,0.0,9.0,5.0,2,14.0,2.8,0,2,pristi_specific,14.0,OLQ (pp) OLL,1-3
997,1201,OLQ,RIC,6.0,7.0,17.0,3.0,2.0,5,35.0,11.666666666666666,3,2,core,35.0,OLQ (pp) RIC,>10
999,1203,OLQ,RIH,2.0,2.0,23.0,0.0,0.0,3,27.0,27.0,3,0,cel_specific,27.0,OLQ (pp) RIH,>10
1004,1208,OLQ,RMD,21.0,21.0,52.0,33.0,8.0,5,135.0,135.0,3,2,core,135.0,OLQ (pp) RMD,>10
1005,1209,OLQ,RME,4.0,4.0,5.0,32.0,3.0,5,48.0,48.0,3,2,core,48.0,OLQ (pp) RME,>10
1016,1236,PVC,ALM,0.0,0.0,0.0,2.0,1.0,2,3.0,1.5,0,2,pristi_specific,3.0,PVC (pp) ALM,1-3
1019,1240,PVC,AVB,34.0,33.0,77.0,68.0,55.0,5,267.0,267.0,3,2,core,267.0,PVC (pp) AVB,>10
1020,1241,PVC,AVD,13.0,12.0,35.0,27.0,13.0,5,100.0,33.333333333333336,3,2,core,100.0,PVC (pp) AVD,>10
1023,1244,PVC,AVJ,2.0,5.0,5.0,22.0,6.0,5,40.0,10.0,3,2,core,40.0,PVC (pp) AVJ,>3-10
1031,1253,PVC,RIM,0.0,0.0,0.0,37.0,29.0,2,66.0,66.0,0,2,pristi_specific,66.0,PVC (pp) RIM,>10
1032,1254,PVC,RIP,0.0,0.0,0.0,7.0,3.0,2,10.0,10.0,0,2,pristi_specific,10.0,PVC (pp) RIP,>3-10
1039,1307,PVP,ADA,1.0,2.0,1.0,1.0,2.0,5,7.0,7.0,3,2,core,7.0,PVP (pp) ADA,>3-10
1044,1313,PVP,AVB,22.0,25.0,48.0,38.0,30.0,5,163.0,163.0,3,2,core,163.0,PVP (pp) AVB,>10
1047,1317,PVP,AVH,4.0,2.0,5.0,0.0,0.0,3,11.0,11.0,3,0,cel_specific,11.0,PVP (pp) AVH,>10
1051,1321,PVP,AWB,0.0,0.0,0.0,1.0,4.0,2,5.0,1.25,0,2,pristi_specific,5.0,PVP (pp) AWB,1-3
1054,1324,PVP,PVC,10.0,12.0,33.0,7.0,3.0,5,65.0,65.0,3,2,core,65.0,PVP (pp) PVC,>10
1061,1332,PVP,RIG,1.0,1.0,3.0,0.0,0.0,3,5.0,1.6666666666666667,3,0,cel_specific,5.0,PVP (pp) RIG,1-3
1063,1334,PVP,RIR,1.0,2.0,1.0,1.0,3.0,5,8.0,4.0,3,2,core,8.0,PVP (pp) RIR,>3-10
1072,1344,PVQ,AIB,0.0,0.0,0.0,19.0,10.0,2,29.0,29.0,0,2,pristi_specific,29.0,PVQ (pp) AIB,>10
1073,1345,PVQ,AIM,1.0,1.0,3.0,0.0,0.0,3,5.0,5.0,3,0,cel_specific,5.0,PVQ (pp) AIM,>3-10
1076,1348,PVQ,AWC,1.0,2.0,2.0,0.0,0.0,3,5.0,5.0,3,0,cel_specific,5.0,PVQ (pp) AWC,>3-10
1080,1352,PVQ,ASK,9.0,16.0,21.0,9.0,3.0,5,58.0,19.333333333333332,3,2,core,58.0,PVQ (pp) ASK,>10
1082,1356,PVQ,AWA,1.0,1.0,5.0,0.0,0.0,3,7.0,2.3333333333333335,3,0,cel_specific,7.0,PVQ (pp) AWA,1-3
1083,1357,PVQ,AWB,0.0,0.0,0.0,3.0,2.0,2,5.0,5.0,0,2,pristi_specific,5.0,PVQ (pp) AWB,>3-10
1087,1363,PVQ,RIS,0.0,0.0,0.0,33.0,5.0,2,38.0,38.0,0,2,pristi_specific,38.0,PVQ (pp) RIS,>10
1089,1365,PVR,ADA,0.0,0.0,0.0,7.0,6.0,2,13.0,13.0,0,2,pristi_specific,13.0,PVR (pp) ADA,>10
1093,1369,PVR,BDU,0.0,0.0,0.0,12.0,3.0,2,15.0,7.5,0,2,pristi_specific,15.0,PVR (pp) BDU,>3-10
1094,1370,PVR,CEP,0.0,0.0,0.0,15.0,10.0,2,25.0,25.0,0,2,pristi_specific,25.0,PVR (pp) CEP,>10
1096,1372,PVR,OLQ,0.0,0.0,0.0,3.0,4.0,2,7.0,7.0,0,2,pristi_specific,7.0,PVR (pp) OLQ,>3-10
1098,1375,PVR,RIC,0.0,0.0,0.0,2.0,4.0,2,6.0,6.0,0,2,pristi_specific,6.0,PVR (pp) RIC,>3-10
1100,1377,PVR,RIS,0.0,0.0,0.0,11.0,1.0,2,12.0,6.0,0,2,pristi_specific,12.0,PVR (pp) RIS,>3-10
1101,1378,PVR,RMD,0.0,0.0,0.0,3.0,4.0,2,7.0,3.5,0,2,pristi_specific,7.0,PVR (pp) RMD,>3-10
1113,1392,PVT,RIG,8.0,7.0,7.0,0.0,0.0,3,22.0,11.0,3,0,cel_specific,22.0,PVT (pp) RIG,>10
1126,1408,RIA,CEP,4.0,7.0,3.0,15.0,2.0,5,31.0,6.2,3,2,core,31.0,RIA (pp) CEP,>3-10
1128,1410,RIA,RIA,44.0,101.0,65.0,2.0,5.0,5,217.0,217.0,3,2,core,217.0,RIA (pp) RIA,>10
1134,1416,RIA,RMD,232.0,279.0,471.0,502.0,228.0,5,1712.0,342.4,3,2,core,1712.0,RIA (pp) RMD,>10
1135,1418,RIA,RMG,0.0,0.0,0.0,29.0,20.0,2,49.0,49.0,0,2,pristi_specific,49.0,RIA (pp) RMG,>10
1137,1422,RIA,SIA,42.0,47.0,16.0,3.0,2.0,5,110.0,110.0,3,2,core,110.0,RIA (pp) SIA,>10
1139,1424,RIA,SMB,5.0,2.0,11.0,0.0,0.0,3,18.0,18.0,3,0,cel_specific,18.0,RIA (pp) SMB,>10
1140,1425,RIA,SMD,129.0,145.0,225.0,91.0,30.0,5,620.0,620.0,3,2,core,620.0,RIA (pp) SMD,>10
1142,1427,RIB,AIB,11.0,10.0,11.0,0.0,0.0,3,32.0,32.0,3,0,cel_specific,32.0,RIB (pp) AIB,>10
1145,1430,RIB,AUA,3.0,3.0,11.0,0.0,0.0,3,17.0,4.25,3,0,cel_specific,17.0,RIB (pp) AUA,>3-10
1146,1431,RIB,AVA,5.0,6.0,11.0,0.0,0.0,3,22.0,22.0,3,0,cel_specific,22.0,RIB (pp) AVA,>10
1149,1434,RIB,AVE,25.0,29.0,33.0,43.0,31.0,5,161.0,53.666666666666664,3,2,core,161.0,RIB (pp) AVE,>10
1150,1435,RIB,BAG,14.0,16.0,11.0,5.0,3.0,5,49.0,49.0,3,2,core,49.0,RIB (pp) BAG,>10
1154,1439,RIB,OLL,2.0,1.0,1.0,0.0,0.0,3,4.0,4.0,3,0,cel_specific,4.0,RIB (pp) OLL,>3-10
1155,1440,RIB,RIA,4.0,8.0,14.0,7.0,9.0,5,42.0,21.0,3,2,core,42.0,RIB (pp) RIA,>10
1156,1441,RIB,RIG,1.0,3.0,6.0,0.0,0.0,3,10.0,5.0,3,0,cel_specific,10.0,RIB (pp) RIG,>3-10
1157,1442,RIB,RIH,1.0,1.0,2.0,0.0,0.0,3,4.0,2.0,3,0,cel_specific,4.0,RIB (pp) RIH,1-3
1159,1444,RIB,RIS,3.0,5.0,6.0,0.0,0.0,3,14.0,14.0,3,0,cel_specific,14.0,RIB (pp) RIS,>10
1162,1448,RIB,SMD,6.0,7.0,12.0,0.0,0.0,3,25.0,6.25,3,0,cel_specific,25.0,RIB (pp) SMD,>3-10
1164,1450,RIC,ADA,3.0,5.0,10.0,13.0,8.0,5,39.0,19.5,3,2,core,39.0,RIC (pp) ADA,>10
1166,1452,RIC,AIB,7.0,4.0,4.0,0.0,0.0,3,15.0,15.0,3,0,cel_specific,15.0,RIC (pp) AIB,>10
1168,1454,RIC,AVA,36.0,32.0,61.0,34.0,11.0,5,174.0,174.0,3,2,core,174.0,RIC (pp) AVA,>10
1172,1458,RIC,AVJ,0.0,0.0,0.0,1.0,2.0,2,3.0,1.0,0,2,pristi_specific,3.0,RIC (pp) AVJ,1-3
1178,1464,RIC,RIC,1.0,5.0,5.0,4.0,6.0,5,21.0,10.5,3,2,core,21.0,RIC (pp) RIC,>10
1179,1465,RIC,RIM,10.0,7.0,20.0,0.0,0.0,3,37.0,18.5,3,0,cel_specific,37.0,RIC (pp) RIM,>10
1181,1467,RIC,RIV,2.0,4.0,5.0,0.0,0.0,3,11.0,5.5,3,0,cel_specific,11.0,RIC (pp) RIV,>3-10
1187,1475,RIC,SMB,2.0,5.0,9.0,0.0,0.0,3,16.0,16.0,3,0,cel_specific,16.0,RIC (pp) SMB,>10
1188,1476,RIC,SMD,18.0,23.0,47.0,26.0,1.0,5,115.0,115.0,3,2,core,115.0,RIC (pp) SMD,>10
1201,1491,RIF,ASH,3.0,1.0,6.0,0.0,0.0,3,10.0,5.0,3,0,cel_specific,10.0,RIF (pp) ASH,>3-10
1203,1493,RIF,AVB,30.0,31.0,71.0,39.0,9.0,5,180.0,90.0,3,2,core,180.0,RIF (pp) AVB,>10
1206,1497,RIF,AVH,3.0,7.0,1.0,0.0,0.0,3,11.0,3.6666666666666665,3,0,cel_specific,11.0,RIF (pp) AVH,>3-10
1207,1498,RIF,AVJ,5.0,5.0,11.0,6.0,2.0,5,29.0,14.5,3,2,core,29.0,RIF (pp) AVJ,>10
1213,1506,RIF,PVP,3.0,9.0,15.0,0.0,0.0,3,27.0,27.0,3,0,cel_specific,27.0,RIF (pp) PVP,>10
1221,1514,RIF,URY,0.0,0.0,0.0,1.0,4.0,2,5.0,5.0,0,2,pristi_specific,5.0,RIF (pp) URY,>3-10
1226,1519,RIG,AIB,6.0,8.0,6.0,23.0,17.0,5,60.0,20.0,3,2,core,60.0,RIG (pp) AIB,>10
1227,1520,RIG,AIZ,23.0,19.0,16.0,2.0,5.0,5,65.0,32.5,3,2,core,65.0,RIG (pp) AIZ,>10
1228,1521,RIG,ALN,3.0,1.0,9.0,0.0,0.0,3,13.0,13.0,3,0,cel_specific,13.0,RIG (pp) ALN,>10
1233,1527,RIG,AVE,23.0,19.0,12.0,0.0,0.0,3,54.0,18.0,3,0,cel_specific,54.0,RIG (pp) AVE,>10
1235,1529,RIG,BAG,18.0,20.0,5.0,8.0,4.0,5,55.0,27.5,3,2,core,55.0,RIG (pp) BAG,>10
1238,1532,RIG,IL1,0.0,0.0,0.0,9.0,10.0,2,19.0,6.333333333333333,0,2,pristi_specific,19.0,RIG (pp) IL1,>3-10
1239,1533,RIG,OLQ,6.0,3.0,4.0,10.0,2.0,5,25.0,25.0,3,2,core,25.0,RIG (pp) OLQ,>10
1244,1539,RIG,RIB,4.0,10.0,5.0,0.0,0.0,3,19.0,9.5,3,0,cel_specific,19.0,RIG (pp) RIB,>3-10
1247,1542,RIG,RIR,2.0,3.0,13.0,0.0,0.0,3,18.0,18.0,3,0,cel_specific,18.0,RIG (pp) RIR,>10
1249,1544,RIG,RMD,0.0,0.0,0.0,12.0,7.0,2,19.0,19.0,0,2,pristi_specific,19.0,RIG (pp) RMD,>10
1250,1546,RIG,RMG,4.0,1.0,6.0,0.0,0.0,3,11.0,5.5,3,0,cel_specific,11.0,RIG (pp) RMG,>3-10
1253,1550,RIG,SMD,0.0,0.0,0.0,7.0,10.0,2,17.0,8.5,0,2,pristi_specific,17.0,RIG (pp) SMD,>3-10
1259,1556,RIH,AIY,2.0,1.0,9.0,6.0,3.0,5,21.0,21.0,3,2,core,21.0,RIH (pp) AIY,>10
1261,1558,RIH,AUA,2.0,2.0,2.0,0.0,0.0,3,6.0,3.0,3,0,cel_specific,6.0,RIH (pp) AUA,1-3
1266,1563,RIH,IL2,4.0,3.0,14.0,0.0,0.0,3,21.0,10.5,3,0,cel_specific,21.0,RIH (pp) IL2,>10
1267,1564,RIH,OLQ,27.0,20.0,37.0,23.0,6.0,5,113.0,113.0,3,2,core,113.0,RIH (pp) OLQ,>10
1268,1565,RIH,RIA,21.0,15.0,73.0,35.0,9.0,5,153.0,76.5,3,2,core,153.0,RIH (pp) RIA,>10
1269,1566,RIH,RIB,8.0,13.0,33.0,27.0,6.0,5,87.0,87.0,3,2,core,87.0,RIH (pp) RIB,>10
1271,1568,RIH,RIP,8.0,16.0,25.0,2.0,13.0,5,64.0,64.0,3,2,core,64.0,RIH (pp) RIP,>10
1274,1571,RIH,RME,3.0,1.0,16.0,0.0,0.0,3,20.0,5.0,3,0,cel_specific,20.0,RIH (pp) RME,>3-10
1276,1573,RIH,URY,2.0,2.0,4.0,18.0,8.0,5,34.0,11.333333333333334,3,2,core,34.0,RIH (pp) URY,>10
1277,1574,RIM,ADA,2.0,1.0,15.0,22.0,4.0,5,44.0,11.0,3,2,core,44.0,RIM (pp) ADA,>10
1278,1575,RIM,AIB,20.0,17.0,40.0,2.0,6.0,5,85.0,85.0,3,2,core,85.0,RIM (pp) AIB,>10
1281,1578,RIM,AVA,3.0,3.0,16.0,0.0,0.0,3,22.0,5.5,3,0,cel_specific,22.0,RIM (pp) AVA,>3-10
1282,1579,RIM,AVB,12.0,15.0,67.0,38.0,5.0,5,137.0,34.25,3,2,core,137.0,RIM (pp) AVB,>10
1283,1580,RIM,AVE,3.0,1.0,7.0,0.0,0.0,3,11.0,2.75,3,0,cel_specific,11.0,RIM (pp) AVE,1-3
1299,1597,RIM,SAA,26.0,32.0,44.0,0.0,0.0,3,102.0,102.0,3,0,cel_specific,102.0,RIM (pp) SAA,>10
1302,1600,RIM,SMD,35.0,39.0,64.0,65.0,9.0,5,212.0,42.4,3,2,core,212.0,RIM (pp) SMD,>10
1303,1602,RIP,ADF,0.0,0.0,0.0,12.0,6.0,2,18.0,9.0,0,2,pristi_specific,18.0,RIP (pp) ADF,>3-10
1304,1603,RIP,AIZ,0.0,0.0,0.0,16.0,11.0,2,27.0,5.4,0,2,pristi_specific,27.0,RIP (pp) AIZ,>3-10
1310,1609,RIP,RIA,0.0,0.0,0.0,31.0,14.0,2,45.0,15.0,0,2,pristi_specific,45.0,RIP (pp) RIA,>10
1314,1613,RIP,RIR,0.0,0.0,0.0,3.0,5.0,2,8.0,8.0,0,2,pristi_specific,8.0,RIP (pp) RIR,>3-10
1315,1614,RIP,RIV,0.0,0.0,0.0,3.0,3.0,2,6.0,2.0,0,2,pristi_specific,6.0,RIP (pp) RIV,1-3
1323,1622,RIR,ADF,4.0,3.0,5.0,0.0,0.0,3,12.0,12.0,3,0,cel_specific,12.0,RIR (pp) ADF,>10
1330,1630,RIR,AUA,2.0,2.0,7.0,0.0,0.0,3,11.0,11.0,3,0,cel_specific,11.0,RIR (pp) AUA,>10
1331,1631,RIR,AVB,0.0,0.0,0.0,2.0,2.0,2,4.0,2.0,0,2,pristi_specific,4.0,RIR (pp) AVB,1-3
1332,1632,RIR,AVE,2.0,2.0,4.0,0.0,0.0,3,8.0,4.0,3,0,cel_specific,8.0,RIR (pp) AVE,>3-10
1336,1636,RIR,DVA,2.0,5.0,9.0,0.0,0.0,3,16.0,16.0,3,0,cel_specific,16.0,RIR (pp) DVA,>10
1339,1640,RIR,RIA,19.0,16.0,15.0,37.0,11.0,5,98.0,49.0,3,2,core,98.0,RIR (pp) RIA,>10
1340,1641,RIR,RIG,2.0,3.0,6.0,0.0,0.0,3,11.0,5.5,3,0,cel_specific,11.0,RIR (pp) RIG,>3-10
1347,1648,RIS,AVE,16.0,17.0,35.0,10.0,3.0,5,81.0,81.0,3,2,core,81.0,RIS (pp) AVE,>10
1350,1651,RIS,CEP,11.0,9.0,16.0,7.0,3.0,5,46.0,46.0,3,2,core,46.0,RIS (pp) CEP,>10
1354,1655,RIS,RIB,12.0,22.0,25.0,107.0,48.0,5,214.0,107.0,3,2,core,214.0,RIS (pp) RIB,>10
1358,1659,RIS,RMD,8.0,3.0,28.0,34.0,21.0,5,94.0,47.0,3,2,core,94.0,RIS (pp) RMD,>10
1360,1663,RIS,SMD,7.0,5.0,9.0,44.0,36.0,5,101.0,101.0,3,2,core,101.0,RIS (pp) SMD,>10
1361,1664,RIS,URY,3.0,6.0,6.0,38.0,21.0,5,74.0,37.0,3,2,core,74.0,RIS (pp) URY,>10
1369,1672,RIV,RMD,9.0,17.0,17.0,32.0,4.0,5,79.0,79.0,3,2,core,79.0,RIV (pp) RMD,>10
1371,1676,RIV,SAA,6.0,6.0,32.0,56.0,6.0,5,106.0,106.0,3,2,core,106.0,RIV (pp) SAA,>10
1372,1678,RIV,SIA,12.0,16.0,10.0,0.0,0.0,3,38.0,19.0,3,0,cel_specific,38.0,RIV (pp) SIA,>10
1374,1680,RIV,SMD,4.0,6.0,20.0,11.0,10.0,5,51.0,12.75,3,2,core,51.0,RIV (pp) SMD,>10
1381,1687,RMD,IL1,9.0,5.0,19.0,64.0,25.0,5,122.0,40.666666666666664,3,2,core,122.0,RMD (pp) IL1,>10
1385,1692,RMD,RIA,36.0,44.0,79.0,29.0,13.0,5,201.0,201.0,3,2,core,201.0,RMD (pp) RIA,>10
1388,1695,RMD,RIM,2.0,1.0,4.0,0.0,0.0,3,7.0,7.0,3,0,cel_specific,7.0,RMD (pp) RIM,>3-10
1391,1698,RMD,RMD,77.0,77.0,189.0,105.0,52.0,5,500.0,166.66666666666666,3,2,core,500.0,RMD (pp) RMD,>10
1396,1705,RMD,SMB,6.0,5.0,3.0,26.0,6.0,5,46.0,46.0,3,2,core,46.0,RMD (pp) SMB,>10
1402,1711,RME,AVE,0.0,0.0,0.0,11.0,3.0,2,14.0,14.0,0,2,pristi_specific,14.0,RME (pp) AVE,>10
1409,1718,RME,RMD,2.0,2.0,2.0,35.0,3.0,5,44.0,22.0,3,2,core,44.0,RME (pp) RMD,>10
1416,1750,RMG,AIM,1.0,3.0,6.0,0.0,0.0,3,10.0,2.0,3,0,cel_specific,10.0,RMG (pp) AIM,1-3
1417,1751,RMG,ALM,1.0,1.0,1.0,0.0,0.0,3,3.0,0.6,3,0,cel_specific,3.0,RMG (pp) ALM,1-3
1419,1753,RMG,ASH,2.0,1.0,2.0,0.0,0.0,3,5.0,5.0,3,0,cel_specific,5.0,RMG (pp) ASH,>3-10
1420,1754,RMG,AVA,1.0,1.0,3.0,0.0,0.0,3,5.0,1.25,3,0,cel_specific,5.0,RMG (pp) AVA,1-3
1421,1755,RMG,AVB,5.0,3.0,8.0,0.0,0.0,3,16.0,16.0,3,0,cel_specific,16.0,RMG (pp) AVB,>10
1423,1757,RMG,AVE,3.0,4.0,8.0,0.0,0.0,3,15.0,15.0,3,0,cel_specific,15.0,RMG (pp) AVE,>10
1435,1773,RMG,RMD,30.0,24.0,85.0,58.0,22.0,5,219.0,219.0,3,2,core,219.0,RMG (pp) RMD,>10
1439,1780,RMG,SIB,4.0,8.0,10.0,0.0,0.0,3,22.0,22.0,3,0,cel_specific,22.0,RMG (pp) SIB,>10
1440,1781,RMG,SMB,3.0,2.0,3.0,0.0,0.0,3,8.0,8.0,3,0,cel_specific,8.0,RMG (pp) SMB,>3-10
1442,1783,RMG,URX,2.0,2.0,6.0,0.0,0.0,3,10.0,10.0,3,0,cel_specific,10.0,RMG (pp) URX,>3-10
1443,1803,SAA,ADA,0.0,0.0,0.0,2.0,4.0,2,6.0,6.0,0,2,pristi_specific,6.0,SAA (pp) ADA,>3-10
1444,1804,SAA,AIB,1.0,1.0,5.0,0.0,0.0,3,7.0,7.0,3,0,cel_specific,7.0,SAA (pp) AIB,>3-10
1447,1807,SAA,AVA,77.0,61.0,139.0,71.0,35.0,5,383.0,191.5,3,2,core,383.0,SAA (pp) AVA,>10
1452,1812,SAA,OLL,3.0,4.0,8.0,9.0,6.0,5,30.0,15.0,3,2,core,30.0,SAA (pp) OLL,>10
1454,1816,SAA,RIC,0.0,0.0,0.0,2.0,5.0,2,7.0,7.0,0,2,pristi_specific,7.0,SAA (pp) RIC,>3-10
1456,1818,SAA,RIM,76.0,71.0,121.0,26.0,7.0,5,301.0,301.0,3,2,core,301.0,SAA (pp) RIM,>10
1465,1829,SAA,SMD,20.0,21.0,41.0,19.0,10.0,5,111.0,37.0,3,2,core,111.0,SAA (pp) SMD,>10
1486,1884,SMB,ALN,4.0,5.0,6.0,0.0,0.0,3,15.0,7.5,3,0,cel_specific,15.0,SMB (pp) ALN,>3-10
1498,1898,SMB,RME,19.0,18.0,58.0,0.0,0.0,3,95.0,95.0,3,0,cel_specific,95.0,SMB (pp) RME,>10
1500,1901,SMB,SAA,26.0,31.0,47.0,18.0,1.0,5,123.0,41.0,3,2,core,123.0,SMB (pp) SAA,>10
1512,1913,SMD,CEP,6.0,2.0,2.0,54.0,21.0,5,85.0,28.333333333333332,3,2,core,85.0,SMD (pp) CEP,>10
1513,1914,SMD,IL1,0.0,0.0,0.0,18.0,6.0,2,24.0,4.8,0,2,pristi_specific,24.0,SMD (pp) IL1,>3-10
1517,1919,SMD,RIA,55.0,59.0,121.0,83.0,53.0,5,371.0,185.5,3,2,core,371.0,SMD (pp) RIA,>10
1519,1921,SMD,RIC,0.0,0.0,0.0,2.0,2.0,2,4.0,4.0,0,2,pristi_specific,4.0,SMD (pp) RIC,>3-10
1521,1923,SMD,RIS,1.0,2.0,5.0,8.0,2.0,5,18.0,6.0,3,2,core,18.0,SMD (pp) RIS,>3-10
1523,1925,SMD,RMD,3.0,5.0,11.0,57.0,26.0,5,102.0,34.0,3,2,core,102.0,SMD (pp) RMD,>10
1529,1932,SMD,SMD,28.0,28.0,65.0,50.0,15.0,5,186.0,37.2,3,2,core,186.0,SMD (pp) SMD,>10
1536,1940,URA,IL1,8.0,15.0,27.0,69.0,61.0,5,180.0,36.0,3,2,core,180.0,URA (pp) IL1,>10
1542,1946,URA,RIP,16.0,14.0,56.0,4.0,3.0,5,93.0,93.0,3,2,core,93.0,URA (pp) RIP,>10
1544,1948,URA,RME,19.0,20.0,37.0,34.0,29.0,5,139.0,46.333333333333336,3,2,core,139.0,URA (pp) RME,>10
1547,1951,URB,ADA,7.0,8.0,8.0,0.0,0.0,3,23.0,23.0,3,0,cel_specific,23.0,URB (pp) ADA,>10
1548,1952,URB,ADE,1.0,1.0,1.0,0.0,0.0,3,3.0,1.5,3,0,cel_specific,3.0,URB (pp) ADE,1-3
1550,1954,URB,AVB,6.0,3.0,2.0,0.0,0.0,3,11.0,5.5,3,0,cel_specific,11.0,URB (pp) AVB,>3-10
1551,1955,URB,AVD,2.0,1.0,1.0,0.0,0.0,3,4.0,2.0,3,0,cel_specific,4.0,URB (pp) AVD,1-3
1554,1958,URB,CEP,8.0,6.0,7.0,0.0,0.0,3,21.0,21.0,3,0,cel_specific,21.0,URB (pp) CEP,>10
1555,1959,URB,IL1,2.0,4.0,17.0,64.0,51.0,5,138.0,138.0,3,2,core,138.0,URB (pp) IL1,>10
1560,1964,URB,RIC,18.0,8.0,5.0,0.0,0.0,3,31.0,31.0,3,0,cel_specific,31.0,URB (pp) RIC,>10
1562,1966,URB,RMD,1.0,4.0,4.0,4.0,2.0,5,15.0,3.0,3,2,core,15.0,URB (pp) RMD,1-3
1563,1967,URB,RME,0.0,0.0,0.0,23.0,11.0,2,34.0,34.0,0,2,pristi_specific,34.0,URB (pp) RME,>10
1564,1968,URB,RMG,1.0,1.0,8.0,0.0,0.0,3,10.0,2.5,3,0,cel_specific,10.0,URB (pp) RMG,1-3
1565,1971,URB,SIA,1.0,3.0,10.0,0.0,0.0,3,14.0,14.0,3,0,cel_specific,14.0,URB (pp) SIA,>10
1567,1973,URB,SMB,2.0,2.0,8.0,0.0,0.0,3,12.0,2.4,3,0,cel_specific,12.0,URB (pp) SMB,1-3
1570,1976,URB,URX,19.0,17.0,42.0,0.0,0.0,3,78.0,19.5,3,0,cel_specific,78.0,URB (pp) URX,>10
1586,1993,URX,AVE,10.0,7.0,11.0,0.0,0.0,3,28.0,28.0,3,0,cel_specific,28.0,URX (pp) AVE,>10
1595,2004,URX,IL2,4.0,4.0,1.0,0.0,0.0,3,9.0,3.0,3,0,cel_specific,9.0,URX (pp) IL2,1-3
1598,2008,URX,RIA,50.0,50.0,35.0,24.0,7.0,5,166.0,166.0,3,2,core,166.0,URX (pp) RIA,>10
1600,2010,URX,RIC,11.0,10.0,11.0,0.0,0.0,3,32.0,6.4,3,0,cel_specific,32.0,URX (pp) RIC,>3-10
1603,2013,URX,RIG,12.0,19.0,13.0,14.0,5.0,5,63.0,31.5,3,2,core,63.0,URX (pp) RIG,>10
1605,2015,URX,RIR,9.0,14.0,5.0,5.0,5.0,5,38.0,38.0,3,2,core,38.0,URX (pp) RIR,>10
1607,2018,URX,RMG,6.0,3.0,11.0,0.0,0.0,3,20.0,20.0,3,0,cel_specific,20.0,URX (pp) RMG,>10
1621,2033,URY,AVD,2.0,5.0,2.0,31.0,13.0,5,53.0,53.0,3,2,core,53.0,URY (pp) AVD,>10
1622,2034,URY,AVE,26.0,30.0,66.0,112.0,32.0,5,266.0,88.66666666666667,3,2,core,266.0,URY (pp) AVE,>10
1626,2038,URY,BAG,0.0,0.0,0.0,21.0,3.0,2,24.0,12.0,0,2,pristi_specific,24.0,URY (pp) BAG,>10
1628,2040,URY,CEP,1.0,3.0,7.0,9.0,2.0,5,22.0,7.333333333333333,3,2,core,22.0,URY (pp) CEP,>3-10
1629,2041,URY,IL1,13.0,16.0,12.0,5.0,3.0,5,49.0,16.333333333333332,3,2,core,49.0,URY (pp) IL1,>10
1634,2047,URY,RIB,14.0,15.0,37.0,31.0,18.0,5,115.0,57.5,3,2,core,115.0,URY (pp) RIB,>10
