source,target,weight
ADAL,AVAL,2
ADAL,AVAR,1
ADAL,AVBL,16
ADAL,AVBR,6
ADAL,AVDR,1
ADAL,AVJL,1
ADAL,AVJR,7
ADAL,OLQVL,1
ADAL,RIML,6
ADAL,RIPL,6
ADAL,RIPR,2
ADAL,RMFL,2
ADAL,SAADL,1
ADAL,SMDVR,1
ADAR,AVAL,1
ADAR,AVAR,1
ADAR,AVBL,5
ADAR,AVBR,18
ADAR,AVER,1
ADAR,AVJL,10
ADAR,RICR,1
ADAR,RIMR,5
ADAR,RIPR,3
ADAR,RMFR,2
ADAR,SMDVL,1
ADEL,ADAL,1
ADEL,ADEL,1
ADEL,ADER,4
ADEL,ALNL,1
ADEL,AVAL,1
ADEL,AVAR,3
ADEL,AVKR,1
ADEL,CEPDL,2
ADEL,CEPshDR,1
ADEL,CEPVL,1
ADEL,IL1L,1
ADEL,IL2L,1
ADEL,PVT,1
ADEL,RIFL,1
ADEL,RIGL,6
ADEL,RIGR,12
ADEL,RIVL,1
ADEL,RIVR,2
ADEL,RMDDR,2
ADEL,RMDL,3
ADEL,RMFR,4
ADEL,RMHR,2
ADEL,SAADR,2
ADEL,SDQL,1
ADEL,SMBDR,2
ADEL,SMDDR,1
ADEL,SMDVL,1
ADER,ADAR,1
ADER,ADEL,3
ADER,AINR,2
ADER,ALMR,1
ADER,ALNR,1
ADER,AVAL,4
ADER,AVAR,1
ADER,AVDR,2
ADER,AVER,1
ADER,AVKR,3
ADER,CEPDR,1
ADER,CEPshVR,5
ADER,CEPVR,1
ADER,FLPL,1
ADER,IL1R,4
ADER,IL2R,3
ADER,OLLR,2
ADER,PVR,2
ADER,PVT,1
ADER,RIGL,10
ADER,RIGR,6
ADER,RIVR,3
ADER,RMDL,1
ADER,RMDR,2
ADER,RMFL,1
ADER,SAADL,1
ADER,SAAVL,1
ADER,SIADL,1
ADER,SMBVR,1
ADER,URBR,1
ADFL,AIAL,2
ADFL,AIBL,1
ADFL,AIBR,1
ADFL,AIZL,18
ADFL,ASHL,1
ADFL,AVHR,1
ADFL,AWBL,1
ADFL,BAGR,1
ADFL,OLQVL,1
ADFL,RIAL,17
ADFL,RIGL,3
ADFL,RIR,2
ADFL,SMBVL,5
ADFL,URXL,2
ADFR,AIZR,13
ADFR,AUAR,3
ADFR,AWBR,1
ADFR,OLQVR,1
ADFR,RIAR,12
ADFR,RIGR,4
ADFR,RIH,1
ADFR,RIR,5
ADFR,SIBVR,1
ADFR,SMBDR,1
ADFR,SMBVR,3
ADLL,ADAL,2
ADLL,AIAL,8
ADLL,AIBL,18
ADLL,ASEL,1
ADLL,ASGL,1
ADLL,ASHL,9
ADLL,ASKL,5
ADLL,AVAL,16
ADLL,AVBL,1
ADLL,AVDL,1
ADLL,AVDR,15
ADLL,AVEL,1
ADLL,AVHR,1
ADLL,AVJL,1
ADLL,AVJR,3
ADLL,AWAL,1
ADLL,AWBL,1
ADLL,AWCL,2
ADLL,AWCR,1
ADLL,PVCL,1
ADLL,SMBVL,9
ADLR,AIAR,13
ADLR,AIBR,12
ADLR,ASER,2
ADLR,ASHR,3
ADLR,AVAL,3
ADLR,AVAR,11
ADLR,AVDL,9
ADLR,AVDR,1
ADLR,AVJR,1
ADLR,AWAR,1
ADLR,AWBR,1
ADLR,AWCR,10
ADLR,OLQVR,2
ADLR,PVCR,1
ADLR,SMBVR,1
ADLR,URYVR,1
AFDL,AINR,1
AFDL,AIYL,10
AFDL,AIZL,1
AFDL,ASER,1
AFDL,AWBL,1
AFDL,BAGR,1
AFDR,AIYR,10
AFDR,BAGL,2
AIAL,ADAL,3
AIAL,ADLL,4
AIAL,AIBL,16
AIAL,ASER,1
AIAL,ASGL,1
AIAL,ASKL,2
AIAL,AWCL,1
AIAL,AWCR,7
AIAL,RIFL,1
AIAR,ADAR,2
AIAR,ADLR,3
AIAR,AIBR,18
AIAR,ASGR,2
AIAR,ASIL,1
AIAR,ASKR,1
AIAR,AWCL,1
AIAR,AWCR,12
AIAR,PVQR,1
AIAR,RIFR,2
AIBL,ADLL,1
AIBL,AIAL,1
AIBL,AIBR,2
AIBL,AIYL,1
AIBL,AUAL,1
AIBL,AUAR,1
AIBL,AVAL,1
AIBL,AVAR,1
AIBL,AVBL,7
AIBL,BAGL,1
AIBL,RIBL,1
AIBL,RIBR,10
AIBL,RIGR,2
AIBL,RIMR,23
AIBL,RMFR,3
AIBL,SAADL,2
AIBL,SAAVL,2
AIBL,SIBVL,1
AIBL,SMDDR,5
AIBL,SMDVR,7
AIBR,AIZL,2
AIBR,AUAL,2
AIBR,AVAL,1
AIBR,AVAR,4
AIBR,AVBR,7
AIBR,AVEL,2
AIBR,AVER,1
AIBR,AVKL,1
AIBR,BAGR,1
AIBR,DVA,1
AIBR,RIAL,1
AIBR,RIBL,10
AIBR,RIBR,1
AIBR,RIGL,2
AIBR,RIML,19
AIBR,RIMR,1
AIBR,RIVR,1
AIBR,RMFL,1
AIBR,SAADL,2
AIBR,SAADR,1
AIBR,SAAVR,2
AIBR,SMDDL,6
AIBR,SMDVL,6
AIML,AIAL,9
AIML,AIZL,2
AIML,ALML,1
AIML,ASGL,6
AIML,ASJL,4
AIML,ASKL,5
AIML,AVBL,3
AIML,AVFL,4
AIML,AVFR,2
AIML,AVJL,1
AIML,AWBL,1
AIML,CEPshDL,3
AIML,CEPVL,1
AIML,RIFL,1
AIML,SMBVL,1
AIMR,ADAR,2
AIMR,AIAR,10
AIMR,AIML,1
AIMR,AIZR,1
AIMR,ALMR,1
AIMR,ASGR,8
AIMR,ASHR,2
AIMR,ASKR,3
AIMR,AVAR,1
AIMR,AVDR,3
AIMR,AVFL,1
AIMR,AVFR,1
AIMR,AVJR,1
AIMR,AWBR,1
AIMR,CEPshDL,3
AIMR,CEPshDR,4
AIMR,CEPshVR,2
AIMR,RIFR,3
AIMR,SIADL,1
AIMR,SIBDL,1
AIMR,SMBDL,1
AINL,AFDL,2
AINL,AFDR,7
AINL,AIBL,1
AINL,AINR,1
AINL,AIYR,1
AINL,ASEL,2
AINL,AUAR,3
AINL,AVAR,1
AINL,BAGL,8
AINL,CEPshVR,3
AINL,CEPVR,2
AINL,RIBR,7
AINL,RID,2
AINL,RIMR,2
AINL,RMFL,2
AINR,AFDL,7
AINR,AFDR,1
AINR,AIAR,1
AINR,AIBR,1
AINR,ASER,1
AINR,AUAL,2
AINR,BAGL,1
AINR,BAGR,7
AINR,CEPshVL,5
AINR,CEPVL,3
AINR,RIBL,5
AINR,RIBR,1
AINR,RID,3
AIYL,ADFL,1
AIYL,AIBL,2
AIYL,AIZL,10
AIYL,AIZR,1
AIYL,ASEL,1
AIYL,AUAL,1
AIYL,AVBL,1
AIYL,AWAL,1
AIYL,AWBL,1
AIYL,BAGR,2
AIYL,RIAL,1
AIYL,RIAR,2
AIYL,RIBL,7
AIYL,RIBR,1
AIYL,RIML,1
AIYR,AFDR,1
AIYR,AIZR,12
AIYR,ASER,2
AIYR,AUAR,2
AIYR,AWAR,2
AIYR,AWBR,1
AIYR,BAGL,1
AIYR,RIAR,3
AIYR,RIBR,4
AIZL,AIAL,12
AIZL,AIBL,11
AIZL,AIBR,27
AIZL,AIZR,1
AIZL,ASEL,2
AIZL,ASGL,1
AIZL,AVDL,1
AIZL,AVEL,3
AIZL,AVER,8
AIZL,AWCR,1
AIZL,BAGR,1
AIZL,DVA,1
AIZL,RIAL,9
AIZL,RIAR,3
AIZL,RID,1
AIZL,RIML,20
AIZL,SMBDL,13
AIZL,SMBVL,13
AIZL,SMBVR,3
AIZR,AIAR,10
AIZR,AIBL,27
AIZR,AIBR,9
AIZR,AIYR,1
AIZR,ASER,1
AIZR,AVAL,1
AIZR,AVEL,7
AIZR,AVER,2
AIZR,AWAR,1
AIZR,AWBR,2
AIZR,AWCR,2
AIZR,BAGL,1
AIZR,RIAR,8
AIZR,RIH,1
AIZR,RIMR,21
AIZR,SMBDR,8
AIZR,SMBVR,11
ALA,ADLL,1
ALA,AVAR,1
ALA,AVEL,3
ALA,AVER,2
ALA,CEPshDR,1
ALA,CEPshVR,2
ALML,AVDR,1
ALML,AVM,1
ALML,BDUL,9
ALML,CEPDL,4
ALML,CEPVL,4
ALML,PVCL,10
ALML,PVNR,1
ALML,RID,1
ALML,RIFL,1
ALMR,ADER,2
ALMR,AVDL,2
ALMR,AVDR,2
ALMR,BDUR,6
ALMR,CEPDR,4
ALMR,CEPVR,5
ALMR,PVCR,7
ALMR,PVNR,1
ALMR,RIFR,1
ALNL,ADEL,1
ALNL,RIVR,1
ALNL,SAAVL,10
ALNL,SMBDR,4
ALNL,SMDVL,1
ALNL,SMDVR,1
ALNR,AVAL,2
ALNR,BWM-DR04,1
ALNR,RIAR,1
ALNR,RMGR,1
ALNR,SAAVR,9
ALNR,SMBDL,4
ALNR,SMDDL,1
AQR,AIBL,1
AQR,AUAR,1
AQR,AVAL,7
AQR,AVAR,6
AQR,AVBL,3
AQR,AVBR,2
AQR,AVDL,1
AQR,AVDR,2
AQR,BAGL,3
AQR,BAGR,8
AQR,FLPL,1
AQR,IL1VL,1
AQR,PVCL,5
AQR,PVCR,5
AQR,PVPL,2
AQR,PVPR,1
AQR,RIAL,9
AQR,RIAR,8
AQR,RIR,9
ASEL,ADLL,2
ASEL,AFDL,1
ASEL,AFDR,2
ASEL,AIAL,1
ASEL,AIBL,13
ASEL,AIBR,3
ASEL,AINL,1
ASEL,AIYL,11
ASEL,AIYR,6
ASEL,ASGL,2
ASEL,AWCL,5
ASEL,AWCR,1
ASEL,BAGL,1
ASEL,BAGR,1
ASEL,RIAR,1
ASER,AFDL,3
ASER,AFDR,2
ASER,AIAR,1
ASER,AIBL,6
ASER,AIBR,15
ASER,AIYL,11
ASER,AIYR,21
ASER,AIZL,1
ASER,ASIR,1
ASER,AWAR,1
ASER,AWCR,9
ASGL,AIAL,9
ASGL,AIBL,1
ASGL,AIML,3
ASGL,AIZL,1
ASGL,ASJL,1
ASGL,CEPshVL,1
ASGL,CEPVL,1
ASGR,AIAR,10
ASGR,AIBR,3
ASHL,ADAL,3
ASHL,ADLL,3
ASHL,AIAL,11
ASHL,AIAR,1
ASHL,AIBL,7
ASHL,AIZL,1
ASHL,AVAL,15
ASHL,AVBL,11
ASHL,AVDL,1
ASHL,AVDR,7
ASHL,AVEL,2
ASHL,AVHR,1
ASHL,AVJR,1
ASHL,AWAL,1
ASHL,AWBL,2
ASHL,HSNL,1
ASHL,HSNR,1
ASHL,PVQL,2
ASHL,RIAL,1
ASHL,RIFL,1
ASHL,RMGL,3
ASHL,SMBVL,1
ASHL,URXL,2
ASHR,ADAR,2
ASHR,ADFR,1
ASHR,ADLR,4
ASHR,AIAL,1
ASHR,AIAR,12
ASHR,AIBR,7
ASHR,AIMR,1
ASHR,AIYR,1
ASHR,AVAL,2
ASHR,AVAR,18
ASHR,AVBR,11
ASHR,AVDL,10
ASHR,AVDR,3
ASHR,AVER,2
ASHR,AVHL,2
ASHR,AVJL,1
ASHR,AWAR,1
ASHR,AWBR,1
ASHR,HSNL,1
ASHR,HSNR,2
ASHR,PVCL,2
ASHR,RIAR,1
ASHR,RIMR,1
ASHR,RMGR,1
ASIL,AIAL,3
ASIL,AIAR,2
ASIL,AIBL,4
ASIL,AIBR,2
ASIL,ASER,1
ASIL,ASGL,5
ASIL,ASHL,1
ASIL,ASKL,1
ASIL,AWCL,10
ASIL,AWCR,8
ASIL,CEPshDL,2
ASIL,CEPshVL,3
ASIL,CEPVL,1
ASIR,AFDR,1
ASIR,AIAR,6
ASIR,AIBR,7
ASIR,AIYR,2
ASIR,ASGR,3
ASIR,AWAR,1
ASIR,AWBR,1
ASIR,AWCL,4
ASIR,AWCR,6
ASIR,CEPshDR,1
ASIR,CEPshVR,8
ASJL,AIAL,1
ASJL,ALA,1
ASJL,ASKL,4
ASJL,PVQL,14
ASJR,AINR,1
ASJR,ALA,1
ASJR,ASKR,4
ASJR,CEPshVR,1
ASJR,PVQR,13
ASKL,ADAL,1
ASKL,ADLL,2
ASKL,AIAL,25
ASKL,AIBL,6
ASKL,AIML,2
ASKL,AINL,1
ASKL,ASGL,1
ASKL,ASIL,1
ASKL,AWBL,1
ASKL,PVQL,1
ASKL,SIBDR,1
ASKL,SMDDR,1
ASKR,ADLR,2
ASKR,AIAL,1
ASKR,AIAR,29
ASKR,AIBR,6
ASKR,AIMR,11
ASKR,ASER,2
ASKR,ASKL,1
ASKR,AVFL,1
ASKR,AVFR,1
ASKR,HSNL,2
ASKR,HSNR,1
ASKR,PVQR,1
AUAL,ADFL,2
AUAL,AINR,2
AUAL,AVAL,8
AUAL,AVEL,10
AUAL,DVA,3
AUAL,RIAL,20
AUAL,RIBL,13
AUAL,RIR,1
AUAL,URXL,4
AUAR,AINL,1
AUAR,AVAR,7
AUAR,AVER,10
AUAR,RIAR,18
AUAR,RIBR,20
AUAR,URXR,1
AVFL,AIAL,1
AVFL,AVAL,2
AVFL,AVBL,3
AVFL,AVBR,2
AVFL,AVFR,1
AVFL,AVHR,1
AVFL,AVJL,1
AVFL,BDUR,2
AVFL,HSNL,2
AVFL,PVNL,1
AVFL,PVQL,1
AVFL,PVQR,1
AVFL,RIFL,3
AVFR,AIMR,1
AVFR,ASJL,1
AVFR,ASJR,1
AVFR,ASKR,1
AVFR,AVBR,1
AVFR,AVFL,6
AVFR,AVKR,1
AVFR,BDUR,2
AVFR,DVA,1
AVFR,HSNL,6
AVFR,HSNR,1
AVFR,PVNR,1
AVFR,PVQL,1
AVFR,PVQR,1
AVFR,RID,1
AVFR,RIFR,2
AVFR,SMBVR,1
AVFR,URADR,1
AVHL,ADFR,3
AVHL,ADLR,1
AVHL,ASHR,1
AVHL,AVAR,1
AVHL,AVBL,1
AVHL,AWBR,4
AVHL,PVPR,2
AVHL,RIR,7
AVHL,SMBDR,1
AVHL,SMBVR,2
AVHL,SMDVL,1
AVHR,ADFL,3
AVHR,AINR,2
AVHR,AVBL,2
AVHR,AVBR,2
AVHR,AVJL,1
AVHR,AVJR,3
AVHR,AWBL,2
AVHR,CEPshDR,1
AVHR,DVA,1
AVHR,PVCL,1
AVHR,PVPL,3
AVHR,RIGL,1
AVHR,RIML,1
AVHR,RIR,6
AVHR,RMFL,1
AVHR,SMBDL,2
AVHR,SMBVL,5
AVHR,URXL,1
AVJL,ASKL,1
AVJL,AVBR,2
AVJL,AVDL,1
AVJL,AVM,1
AVJL,PVCL,1
AVJL,PVCR,2
AVJL,PVNR,1
AVJR,AIYL,1
AVJR,AQR,1
AVJR,AVAL,1
AVJR,AVBL,4
AVJR,AVBR,1
AVJR,AVM,1
AVJR,PVCL,1
AVJR,PVPL,1
AVJR,RIML,1
AVJR,RIS,1
AVKL,AVEL,2
AVKL,AVER,1
AVKL,AVKR,2
AVKL,AVL,1
AVKL,RIML,4
AVKL,RIMR,3
AVKL,RIS,5
AVKL,RIVL,1
AVKL,RMDL,5
AVKL,RMFL,1
AVKL,SAADR,2
AVKL,SAAVR,1
AVKL,SIADR,1
AVKL,SIBDR,1
AVKL,SMDDL,2
AVKL,SMDDR,1
AVKL,SMDVL,1
AVKR,AVEL,2
AVKR,AVER,2
AVKR,AVKL,2
AVKR,RIML,3
AVKR,RIMR,4
AVKR,RIS,6
AVKR,RIVR,2
AVKR,RMDL,1
AVKR,RMDR,6
AVKR,RMFL,1
AVKR,SAADL,2
AVKR,SAAVL,1
AVKR,SIADL,1
AVKR,SMBDL,1
AVKR,SMDVR,1
AVL,PVT,1
AVL,RIBR,1
AVL,RIS,1
AVL,RMER,1
AVL,URYVR,1
AVM,ALML,2
AVM,AVBL,6
AVM,AVBR,7
AVM,AVDR,1
AVM,AVJL,2
AVM,AVJR,4
AVM,BDUL,3
AVM,BDUR,2
AVM,FLPL,1
AVM,PVCL,11
AVM,PVCR,5
AVM,PVNR,1
AWAL,ADFL,2
AWAL,ADLL,1
AWAL,AFDL,5
AWAL,AIAL,3
AWAL,AIML,1
AWAL,AIYL,5
AWAL,AIZL,17
AWAL,ASEL,3
AWAL,ASGL,1
AWAL,ASIL,1
AWAL,AWBL,5
AWAL,HSNR,2
AWAL,PVQL,1
AWAR,ADFR,1
AWAR,ADLR,2
AWAR,AFDR,6
AWAR,AIAR,1
AWAR,AIYR,4
AWAR,AIZR,9
AWAR,ASER,9
AWAR,ASGR,1
AWAR,ASHR,2
AWAR,AWBR,6
AWAR,RIFR,1
AWAR,RIGR,1
AWBL,ADFL,10
AWBL,AIAL,3
AWBL,AIZL,8
AWBL,ASHL,1
AWBL,AUAL,1
AWBL,AVHR,2
AWBL,AWAL,1
AWBL,RIAL,1
AWBL,RIGL,2
AWBL,RIR,2
AWBL,SMBVL,3
AWBR,ADFL,1
AWBR,ADFR,10
AWBR,AIAR,2
AWBR,AIMR,1
AWBR,AIYR,1
AWBR,AIZR,6
AWBR,AUAR,1
AWBR,AVHL,1
AWBR,AWAR,1
AWBR,RIAR,1
AWBR,RIGR,2
AWCL,AFDR,2
AWCL,AIAL,2
AWCL,AIAR,2
AWCL,AIBL,8
AWCL,AIBR,3
AWCL,AIYL,11
AWCL,AIYR,9
AWCL,AIZR,1
AWCL,ASIR,1
AWCL,AWCR,13
AWCL,BAGL,2
AWCL,BAGR,2
AWCL,CEPshDL,1
AWCL,IL1L,1
AWCL,IL2L,1
AWCL,RMFL,2
AWCR,AIAL,8
AWCR,AIAR,10
AWCR,AIBL,8
AWCR,AIBR,11
AWCR,AIYL,6
AWCR,AIYR,8
AWCR,AIZL,1
AWCR,AIZR,1
AWCR,ASER,6
AWCR,ASIR,1
AWCR,AWCL,9
BAGL,AVAR,6
BAGL,AVER,8
BAGL,RIAR,16
BAGL,RIBR,14
BAGL,RIGR,2
BAGL,RMFR,3
BAGR,AFDL,1
BAGR,AIBR,2
BAGR,AIYL,2
BAGR,AVAL,5
BAGR,AVEL,11
BAGR,BAGL,2
BAGR,RIAL,18
BAGR,RIBL,21
BAGR,RIBR,2
BAGR,RIGL,4
BAGR,RIR,1
BAGR,RMFL,3
BDUL,ADEL,2
BDUL,AVDR,1
BDUL,AVFL,1
BDUL,AVFR,2
BDUL,AVJL,1
BDUL,AVKR,1
BDUL,AVM,1
BDUL,CEPshVL,1
BDUL,IL2DL,1
BDUL,PVCR,1
BDUL,PVNL,4
BDUL,PVNR,2
BDUL,RID,1
BDUL,SDQL,1
BDUL,URADL,1
BDUR,ALMR,4
BDUR,AVFL,1
BDUR,AVFR,4
BDUR,AVJR,2
BDUR,AVM,1
BDUR,HSNR,1
BDUR,PVNL,4
BDUR,PVNR,6
CEPDL,AVER,7
CEPDL,IL1DL,4
CEPDL,IL1L,1
CEPDL,OLLL,10
CEPDL,OLQDL,4
CEPDL,PVR,1
CEPDL,RIBL,2
CEPDL,RICL,3
CEPDL,RICR,3
CEPDL,RIS,2
CEPDL,RMDVL,8
CEPDL,RMHL,2
CEPDL,RMHR,3
CEPDL,URBL,3
CEPDL,URXL,3
CEPDL,URYDL,1
CEPDR,ALMR,1
CEPDR,AVDR,1
CEPDR,AVEL,10
CEPDR,AVJR,1
CEPDR,BWM-DL07,1
CEPDR,BWM-DR05,1
CEPDR,BWM-DR07,1
CEPDR,IL1DR,8
CEPDR,OLLR,15
CEPDR,OLQDR,7
CEPDR,RICL,5
CEPDR,RICR,5
CEPDR,RIPR,1
CEPDR,RMDDL,1
CEPDR,RMDDR,1
CEPDR,RMDVR,8
CEPDR,RMGR,1
CEPDR,RMHL,2
CEPDR,RMHR,1
CEPDR,SIADL,2
CEPDR,SMBDL,1
CEPDR,SMDDL,1
CEPDR,URADR,2
CEPDR,URBR,2
CEPDR,URXR,1
CEPDR,URYDR,2
CEPVL,AVER,6
CEPVL,BWM-VL05,1
CEPVL,CEPshVL,1
CEPVL,IL1VL,3
CEPVL,OLLL,11
CEPVL,OLQVL,5
CEPVL,PLNL,1
CEPVL,PVR,1
CEPVL,RIAL,1
CEPVL,RIBL,2
CEPVL,RICL,4
CEPVL,RICR,3
CEPVL,RIPL,1
CEPVL,RMDDL,9
CEPVL,RMHL,1
CEPVL,RMHR,2
CEPVL,SIAVL,2
CEPVL,SMBVL,1
CEPVL,SMDVR,2
CEPVL,URAVL,2
CEPVL,URBL,2
CEPVL,URYVL,2
CEPVR,AVEL,6
CEPVR,AVER,1
CEPVR,IL1R,1
CEPVR,IL1VR,5
CEPVR,OLLR,9
CEPVR,OLQVR,7
CEPVR,PVR,1
CEPVR,RICL,3
CEPVR,RICR,6
CEPVR,RIPR,2
CEPVR,RMDDR,6
CEPVR,RMDR,1
CEPVR,RMHL,3
CEPVR,RMHR,1
CEPVR,SIAVR,1
CEPVR,SMBVR,1
CEPVR,SMDVL,2
CEPVR,URAVR,3
CEPVR,URBR,5
CEPVR,URXR,2
CEPVR,URYVR,1
DVA,ADAR,1
DVA,ADEL,1
DVA,AIZL,2
DVA,AIZR,2
DVA,AQR,4
DVA,AUAL,2
DVA,AUAR,3
DVA,AVAL,1
DVA,AVAR,2
DVA,AVBR,1
DVA,AVDL,1
DVA,AVEL,7
DVA,AVER,7
DVA,FLPR,1
DVA,OLQVL,1
DVA,OLQVR,1
DVA,PVCL,1
DVA,PVCR,1
DVA,RIAL,2
DVA,RIAR,1
DVA,RIBL,2
DVA,RIH,1
DVA,RIML,1
DVA,RIPR,1
DVA,RIR,2
DVA,SIBVR,1
DVA,SMBDL,1
DVA,SMBDR,2
DVA,SMBVL,1
DVA,SMBVR,2
DVA,URYDR,1
DVA,URYVL,1
DVC,AIBL,5
DVC,AIBR,7
DVC,AIZL,1
DVC,AQR,1
DVC,AVAL,6
DVC,AVAR,9
DVC,AVEL,1
DVC,AVER,2
DVC,AVKL,2
DVC,FLPR,1
DVC,RIBL,5
DVC,RIBR,9
DVC,RIGL,10
DVC,RIGR,13
DVC,RIVR,1
DVC,RMFL,6
DVC,RMFR,4
DVC,URYVL,3
FLPL,ADER,2
FLPL,AIBR,1
FLPL,AVAL,8
FLPL,AVAR,8
FLPL,AVBL,3
FLPL,AVBR,1
FLPL,AVDL,4
FLPL,AVEL,2
FLPL,AVER,3
FLPL,DVA,1
FLPL,FLPR,2
FLPL,PVCL,1
FLPL,RIH,2
FLPL,RIS,1
FLPL,SDQL,1
FLPL,SDQR,1
FLPR,ADAR,1
FLPR,ADER,1
FLPR,AIBL,1
FLPR,AVAL,9
FLPR,AVAR,5
FLPR,AVBL,2
FLPR,AVDL,4
FLPR,AVEL,3
FLPR,FLPL,2
FLPR,PVCL,1
HSNL,ADLL,1
HSNL,AIAL,2
HSNL,AIAR,2
HSNL,ASHL,2
HSNL,ASKR,1
HSNL,AVFR,1
HSNL,AVHR,1
HSNL,AWBL,1
HSNL,AWBR,1
HSNL,BDUL,3
HSNL,HSNR,1
HSNL,PVNL,2
HSNL,PVNR,1
HSNL,PVQL,1
HSNL,RIFL,2
HSNL,RIFR,1
HSNL,RMGL,1
HSNR,AIAR,2
HSNR,ASHL,1
HSNR,ASHR,1
HSNR,ASKR,1
HSNR,AVJL,1
HSNR,AVM,1
HSNR,AWAL,1
HSNR,AWBL,2
HSNR,BDUR,3
HSNR,PVQR,1
HSNR,RIFR,2
IL1DL,BWM-DL01,6
IL1DL,BWM-DL02,4
IL1DL,IL1L,1
IL1DL,OLLL,2
IL1DL,PVR,1
IL1DL,RIPL,3
IL1DL,RMDDR,1
IL1DL,RMDVL,9
IL1DL,RMEL,1
IL1DL,URADL,2
IL1DR,BWM-DR01,6
IL1DR,BWM-DR02,3
IL1DR,BWM-DR04,2
IL1DR,IL1R,3
IL1DR,OLLR,3
IL1DR,RIPR,3
IL1DR,RMDVR,10
IL1DR,RMER,2
IL1L,AVER,1
IL1L,BWM-DL02,4
IL1L,BWM-VL02,13
IL1L,BWM-VL04,2
IL1L,RMDDL,3
IL1L,RMDDR,2
IL1L,RMDL,3
IL1L,RMDR,1
IL1L,RMDVL,3
IL1L,RMER,1
IL1L,RMHR,2
IL1R,AVEL,1
IL1R,BWM-DR01,2
IL1R,BWM-DR02,6
IL1R,BWM-DR04,2
IL1R,BWM-VR01,1
IL1R,BWM-VR02,6
IL1R,GLRR,1
IL1R,IL1DR,1
IL1R,IL1VR,1
IL1R,RMDDL,2
IL1R,RMDDR,5
IL1R,RMDL,3
IL1R,RMDR,3
IL1R,RMDVL,3
IL1R,RMDVR,3
IL1R,RMEL,1
IL1R,RMFL,1
IL1R,RMHL,1
IL1VL,BWM-VL01,2
IL1VL,BWM-VL02,7
IL1VL,BWM-VL04,1
IL1VL,PVR,1
IL1VL,RIPL,4
IL1VL,RMDDL,8
IL1VL,RMDVR,1
IL1VL,RMEL,3
IL1VL,URAVL,1
IL1VR,BWM-VR01,4
IL1VR,BWM-VR02,3
IL1VR,BWM-VR04,1
IL1VR,GLRR,1
IL1VR,RIPR,2
IL1VR,RMDDR,3
IL1VR,RMER,2
IL2DL,AVEL,1
IL2DL,IL1DL,8
IL2DL,OLQDL,5
IL2DL,RIGL,1
IL2DL,RIH,5
IL2DL,RIPL,21
IL2DL,RMDVL,1
IL2DL,RMED,4
IL2DL,RMEL,6
IL2DL,RMER,6
IL2DL,RMEV,3
IL2DL,RMHL,1
IL2DL,URADL,9
IL2DR,ASIR,1
IL2DR,AWCR,1
IL2DR,BWM-DR01,1
IL2DR,BWM-DR02,1
IL2DR,CEPshDR,1
IL2DR,GLRDR,1
IL2DR,IL1DR,7
IL2DR,IL2DR,1
IL2DR,OLQDR,2
IL2DR,RIH,4
IL2DR,RIPR,18
IL2DR,RMED,1
IL2DR,RMEL,4
IL2DR,RMER,5
IL2DR,RMEV,2
IL2DR,URADR,6
IL2L,ADEL,1
IL2L,ADLL,1
IL2L,AWCL,1
IL2L,OLLL,2
IL2L,OLQDL,7
IL2L,OLQVL,5
IL2L,RICR,1
IL2L,RIH,10
IL2L,RMDL,1
IL2L,RMDR,3
IL2L,SMBVL,1
IL2L,URAVL,1
IL2L,URBL,1
IL2L,URXL,1
IL2R,ADER,2
IL2R,IL1DR,3
IL2R,IL1R,2
IL2R,OLQDR,7
IL2R,OLQVR,6
IL2R,RICL,1
IL2R,RIH,10
IL2R,RMDL,2
IL2R,RMED,2
IL2R,RMEL,2
IL2R,RMER,1
IL2R,RMEV,1
IL2R,URADR,1
IL2R,URXR,1
IL2VL,AIBR,1
IL2VL,GLRVL,2
IL2VL,IL1VL,5
IL2VL,OLQVL,4
IL2VL,RIAL,4
IL2VL,RIBL,2
IL2VL,RIPL,15
IL2VL,RMED,1
IL2VL,RMEL,4
IL2VL,RMER,6
IL2VL,RMEV,1
IL2VL,URAVL,8
IL2VR,CEPVR,1
IL2VR,IL1VR,4
IL2VR,IL2R,1
IL2VR,OLQVR,5
IL2VR,RIAR,3
IL2VR,RIH,2
IL2VR,RIPR,16
IL2VR,RMED,2
IL2VR,RMEL,5
IL2VR,RMER,5
IL2VR,RMEV,3
IL2VR,URAVR,7
IL2VR,URXR,2
IL2VR,URYVR,1
OLLL,AVER,32
OLLL,BWM-VR03,2
OLLL,CEPDL,8
OLLL,CEPVL,8
OLLL,IL1DL,1
OLLL,IL1L,1
OLLL,IL1VL,1
OLLL,RIBL,14
OLLL,RMDDL,14
OLLL,RMDL,1
OLLL,RMDR,2
OLLL,RMDVL,15
OLLL,RMEL,1
OLLL,RMEV,1
OLLL,SMDDL,2
OLLL,SMDDR,7
OLLL,SMDVL,2
OLLL,SMDVR,6
OLLL,URYVL,1
OLLR,AVEL,32
OLLR,CEPDR,11
OLLR,CEPVR,7
OLLR,IL1DR,4
OLLR,IL1R,1
OLLR,IL1VR,2
OLLR,RIBR,13
OLLR,RMDDR,12
OLLR,RMDL,4
OLLR,RMDR,1
OLLR,RMDVR,18
OLLR,RMER,1
OLLR,SMDDL,6
OLLR,SMDVL,5
OLQDL,CEPDL,1
OLQDL,IL1DL,2
OLQDL,IL2DL,1
OLQDL,IL2L,5
OLQDL,RICL,1
OLQDL,RICR,1
OLQDL,RIH,1
OLQDL,RMDDR,5
OLQDL,RMEV,1
OLQDL,RMHL,2
OLQDL,SIBVL,5
OLQDL,SMBDR,1
OLQDR,IL2R,4
OLQDR,RICL,1
OLQDR,RICR,1
OLQDR,RMDDL,4
OLQDR,RMHR,1
OLQDR,SIADL,1
OLQDR,SIBVR,4
OLQDR,SMBDL,1
OLQVL,IL2L,4
OLQVL,RICL,1
OLQVL,RICR,1
OLQVL,RMDVR,5
OLQVL,RMED,1
OLQVL,RMHL,1
OLQVL,SIBDL,5
OLQVL,URBL,1
OLQVR,IL2R,3
OLQVR,IL2VR,1
OLQVR,RICR,1
OLQVR,RIH,1
OLQVR,RMDVL,7
OLQVR,RMED,1
OLQVR,RMER,1
OLQVR,SIBDR,7
PLNL,RMGL,1
PLNL,SAADL,9
PLNL,SMBVL,8
PLNR,RMGR,2
PLNR,SAADR,9
PLNR,SAAVL,1
PLNR,SMBVR,6
PLNR,SMDVL,3
PVCL,ADAL,1
PVCL,AVAL,2
PVCL,AVAR,1
PVCL,AVBL,5
PVCL,AVBR,9
PVCL,AVDL,1
PVCL,AVDR,4
PVCL,AVEL,3
PVCL,AVER,1
PVCL,AVHR,1
PVCL,AVJL,2
PVCL,AVJR,1
PVCL,FLPR,1
PVCL,PVCR,1
PVCL,RID,6
PVCL,RIS,1
PVCL,SAAVR,1
PVCL,SIBDL,1
PVCL,SIBVL,1
PVCR,AQR,1
PVCR,AVAL,1
PVCR,AVAR,4
PVCR,AVBL,11
PVCR,AVBR,8
PVCR,AVDL,6
PVCR,AVDR,1
PVCR,AVEL,3
PVCR,AVER,1
PVCR,AVHL,1
PVCR,AVJL,2
PVCR,AVKR,1
PVCR,SIBDR,6
PVCR,SIBVL,1
PVCR,SIBVR,4
PVNL,AVJL,2
PVNL,AVJR,2
PVNL,BDUL,3
PVNL,BDUR,4
PVNL,CEPshVL,1
PVNL,CEPshVR,1
PVNL,PVNR,1
PVNL,RIFL,1
PVNR,ALMR,2
PVNR,AVER,1
PVNR,AVJL,2
PVNR,AVM,1
PVNR,BDUL,2
PVNR,BDUR,5
PVNR,CEPVR,1
PVNR,PVNL,3
PVNR,RIFR,1
PVNR,RMGL,1
PVPL,ADAL,1
PVPL,AQR,3
PVPL,ASHL,1
PVPL,AVAL,3
PVPL,AVAR,2
PVPL,AVBL,9
PVPL,AVBR,4
PVPL,AVDR,1
PVPL,AVER,2
PVPL,AVHR,1
PVPL,PVCL,5
PVPL,RIFL,1
PVPL,RIGL,1
PVPL,RIR,1
PVPL,RMFL,1
PVPR,ADAR,1
PVPR,AIBL,1
PVPR,AQR,1
PVPR,AVAR,2
PVPR,AVBL,5
PVPR,AVBR,7
PVPR,AVEL,1
PVPR,AVHL,1
PVPR,AVJL,1
PVPR,PVCL,3
PVPR,PVCR,4
PVPR,RIAR,2
PVPR,RIFR,2
PVPR,RIR,1
PVQL,ADLL,2
PVQL,AIAL,10
PVQL,ALA,1
PVQL,ASJL,2
PVQL,ASKL,8
PVQL,AWAL,1
PVQL,HSNR,1
PVQR,ADLR,1
PVQR,AIAR,8
PVQR,AIMR,1
PVQR,ALA,1
PVQR,ASER,2
PVQR,ASKR,8
PVQR,AVFL,2
PVQR,AVFR,2
PVQR,CEPshVR,1
PVQR,HSNR,4
PVR,AVBL,10
PVR,AVBR,9
PVR,AVJL,1
PVR,AVJR,11
PVR,IL1DR,1
PVR,IL1VL,4
PVR,IL1VR,3
PVR,RIPL,8
PVR,RIPR,7
PVT,AIBL,3
PVT,AIBR,5
PVT,AVKL,11
PVT,AVKR,15
PVT,AVL,7
PVT,CEPshDL,2
PVT,CEPshVL,1
PVT,CEPshVR,1
PVT,DVC,13
PVT,IL2VL,1
PVT,IL2VR,1
PVT,RIGL,3
PVT,RIGR,4
PVT,RMFL,6
PVT,RMFR,2
PVT,URAVL,1
PVT,URAVR,1
PVT,URYVL,1
RIAL,CEPDL,1
RIAL,CEPVL,3
RIAL,IL1L,1
RIAL,RIAR,49
RIAL,RIVL,3
RIAL,RIVR,2
RIAL,RMDDL,19
RIAL,RMDDR,18
RIAL,RMDL,26
RIAL,RMDR,29
RIAL,RMDVL,24
RIAL,RMDVR,16
RIAL,SIADL,12
RIAL,SIADR,2
RIAL,SIAVR,9
RIAL,SMBDL,1
RIAL,SMBVL,1
RIAL,SMDDL,11
RIAL,SMDDR,18
RIAL,SMDVL,17
RIAL,SMDVR,17
RIAR,CEPDL,1
RIAR,CEPVL,1
RIAR,CEPVR,1
RIAR,IL1R,2
RIAR,RIAL,52
RIAR,RIVL,2
RIAR,RIVR,6
RIAR,RMDDL,20
RIAR,RMDDR,29
RIAR,RMDL,22
RIAR,RMDR,27
RIAR,RMDVL,22
RIAR,RMDVR,27
RIAR,RMFR,1
RIAR,SIADL,2
RIAR,SIADR,12
RIAR,SIAVL,10
RIAR,SMDDL,20
RIAR,SMDDR,25
RIAR,SMDVL,22
RIAR,SMDVR,15
RIBL,AIBR,8
RIBL,AIZL,1
RIBL,AUAL,2
RIBL,AVAL,2
RIBL,AVAR,2
RIBL,AVEL,6
RIBL,AVER,10
RIBL,BAGR,7
RIBL,CEPDL,1
RIBL,CEPVL,1
RIBL,DVA,1
RIBL,OLLL,1
RIBL,RIAL,4
RIBL,RIGL,1
RIBL,RIS,3
RIBL,RMDR,1
RIBL,SMDDR,1
RIBL,SMDVR,2
RIBL,URYDL,1
RIBL,URYVL,1
RIBR,AIBL,2
RIBR,AUAR,1
RIBR,AVAR,2
RIBR,AVEL,10
RIBR,AVER,3
RIBR,BAGL,9
RIBR,RIAR,4
RIBR,RIGR,2
RIBR,RIH,1
RIBR,RIS,2
RIBR,RMDL,2
RIBR,RMFL,1
RIBR,RMFR,1
RIBR,SMDDL,1
RIBR,SMDDR,1
RIBR,SMDVL,2
RIBR,URYDR,1
RIBR,URYVR,2
RICL,ADAL,1
RICL,ADAR,1
RICL,AIBR,4
RICL,AVAL,12
RICL,AVAR,8
RICL,CEPDL,1
RICL,CEPVL,1
RICL,RICR,2
RICL,RIML,4
RICL,RIMR,1
RICL,RIVL,1
RICL,RIVR,1
RICL,RMHR,1
RICL,SAADL,1
RICL,SMBDR,3
RICL,SMDDL,4
RICL,SMDDR,8
RICL,SMDVR,2
RICL,URBL,1
RICL,URXR,1
RICR,ADAL,1
RICR,ADAR,2
RICR,AVAL,3
RICR,AVAR,9
RICR,CEPVL,1
RICR,CEPVR,1
RICR,RICL,3
RICR,RIMR,2
RICR,RIS,1
RICR,RIVL,1
RICR,RIVR,1
RICR,RMHL,1
RICR,RMHR,1
RICR,SAADR,1
RICR,SMBDR,2
RICR,SMDDL,6
RICR,SMDVL,2
RICR,SMDVR,1
RICR,URBL,1
RIFL,ADAL,1
RIFL,ALML,2
RIFL,ASHL,1
RIFL,AVAL,1
RIFL,AVBL,13
RIFL,AVBR,1
RIFL,AVDR,2
RIFL,AVEL,1
RIFL,AVHL,2
RIFL,AVHR,1
RIFL,AVJL,2
RIFL,AVJR,3
RIFL,BDUL,1
RIFL,PVPL,5
RIFL,RIML,3
RIFL,URXL,1
RIFR,ADAR,1
RIFR,AVBR,17
RIFR,AVFR,1
RIFR,AVHL,2
RIFR,AVHR,2
RIFR,BDUR,1
RIFR,HSNL,1
RIFR,PVPR,4
RIFR,RIMR,8
RIGL,AIBR,4
RIGL,AIZL,8
RIGL,AIZR,1
RIGL,AVEL,8
RIGL,AVER,3
RIGL,AVKR,3
RIGL,BAGR,7
RIGL,DVC,2
RIGL,OLQVL,1
RIGL,PLNL,1
RIGL,PVT,1
RIGL,RIAL,6
RIGL,RIBL,5
RIGL,RIR,2
RIGL,RIVR,3
RIGL,RMFL,5
RIGL,RMHR,7
RIGL,SAADL,1
RIGL,URYDL,1
RIGL,URYVL,1
RIGR,ADFR,1
RIGR,AIBL,4
RIGR,AIZL,1
RIGR,AIZR,9
RIGR,ALNR,1
RIGR,AVEL,1
RIGR,AVER,7
RIGR,AVKL,4
RIGR,AVKR,1
RIGR,BAGL,13
RIGR,DVC,3
RIGR,OLQVR,2
RIGR,RIBR,5
RIGR,RIR,1
RIGR,RMFR,5
RIGR,RMGR,1
RIGR,RMHL,5
RIGR,SAADR,1
RIGR,URYDR,1
RIGR,URYVR,1
RIH,AIYR,1
RIH,AIZL,8
RIH,AIZR,5
RIH,AUAL,2
RIH,AVEL,1
RIH,BAGL,1
RIH,CEPDL,3
RIH,CEPDR,2
RIH,CEPshVL,1
RIH,CEPshVR,1
RIH,CEPVL,1
RIH,CEPVR,5
RIH,GLRDR,1
RIH,IL1VR,2
RIH,IL2L,1
RIH,IL2R,2
RIH,OLQDL,6
RIH,OLQDR,6
RIH,OLQVL,4
RIH,OLQVR,4
RIH,RIAL,3
RIH,RIAR,12
RIH,RIBL,6
RIH,RIBR,7
RIH,RIGR,1
RIH,RIPL,7
RIH,RIPR,9
RIH,RMEV,1
RIH,URYVR,2
RIML,ADAL,1
RIML,AIBR,7
RIML,AIZL,1
RIML,AVBL,2
RIML,AVBR,7
RIML,AVEL,1
RIML,AVJR,1
RIML,AVKL,1
RIML,AVKR,1
RIML,BWM-DR04,4
RIML,BWM-DR06,1
RIML,BWM-VR04,1
RIML,BWM-VR06,1
RIML,RIBL,7
RIML,RIBR,1
RIML,RIS,2
RIML,RMDL,5
RIML,RMDR,7
RIML,RMFL,3
RIML,SAADL,2
RIML,SAADR,4
RIML,SAAVL,2
RIML,SAAVR,6
RIML,SIADL,1
RIML,SIBDR,1
RIML,SMDDL,10
RIML,SMDDR,2
RIML,SMDVL,5
RIML,SMDVR,3
RIMR,AIBL,10
RIMR,AVAL,2
RIMR,AVAR,1
RIMR,AVBL,5
RIMR,AVBR,1
RIMR,AVKL,1
RIMR,BWM-DL04,2
RIMR,BWM-DL06,1
RIMR,BWM-VL04,3
RIMR,BWM-VL06,2
RIMR,RIBL,3
RIMR,RIBR,4
RIMR,RIGR,1
RIMR,RIML,1
RIMR,RIS,1
RIMR,RMDL,6
RIMR,RMDR,3
RIMR,RMFL,1
RIMR,RMFR,4
RIMR,SAADL,5
RIMR,SAADR,2
RIMR,SAAVL,5
RIMR,SAAVR,6
RIMR,SMDDL,5
RIMR,SMDDR,6
RIMR,SMDVL,2
RIMR,SMDVR,6
RIR,ADFL,1
RIR,ADFR,2
RIR,AIYL,2
RIR,AIZL,9
RIR,AIZR,11
RIR,AQR,5
RIR,AUAR,2
RIR,AVEL,1
RIR,AVER,1
RIR,AVHL,1
RIR,DVA,5
RIR,PVPL,2
RIR,PVPR,1
RIR,RIAL,7
RIR,RIAR,9
RIR,RIGL,2
RIR,RIGR,1
RIR,SMBVL,2
RIR,URXL,6
RIR,URXR,8
RIS,AIBL,1
RIS,AVEL,10
RIS,AVER,7
RIS,AVKL,9
RIS,AVKR,9
RIS,CEPDL,4
RIS,CEPshDL,2
RIS,CEPVL,3
RIS,CEPVR,2
RIS,OLQDR,1
RIS,RIBL,11
RIS,RIBR,11
RIS,RICL,1
RIS,RIML,9
RIS,RIMR,8
RIS,RMDL,1
RIS,RMDR,2
RIS,RMEV,1
RIS,RMFL,1
RIS,SMDDL,2
RIS,SMDDR,2
RIS,SMDVL,1
RIS,URYDL,2
RIS,URYDR,2
RIS,URYVL,2
RIVL,ADEL,1
RIVL,BWM-VL07,1
RIVL,BWM-VR03,1
RIVL,BWM-VR04,4
RIVL,BWM-VR05,4
RIVL,BWM-VR06,4
RIVL,BWM-VR07,5
RIVL,BWM-VR08,1
RIVL,excgl,2
RIVL,RIAL,5
RIVL,RIAR,3
RIVL,RMDDR,2
RIVL,RMDL,1
RIVL,RMDVL,3
RIVL,SAADR,4
RIVL,SIAVR,6
RIVL,SMDDR,2
RIVL,SMDVL,2
RIVR,BWM-VL04,1
RIVR,BWM-VL05,5
RIVR,BWM-VL06,5
RIVR,BWM-VL07,6
RIVR,BWM-VL08,6
RIVR,RIAL,1
RIVR,RIAR,3
RIVR,RMDDL,2
RIVR,RMDR,2
RIVR,RMDVR,7
RIVR,RMGL,1
RIVR,SAADL,2
RIVR,SIAVL,10
RIVR,SMDDL,1
RIVR,SMDVR,1
RMDDL,BWM-DL01,1
RMDDL,BWM-DL03,3
RMDDL,BWM-DL05,1
RMDDL,BWM-DR01,7
RMDDL,BWM-DR02,5
RMDDL,BWM-DR03,8
RMDDL,BWM-DR04,8
RMDDL,BWM-DR05,7
RMDDL,BWM-DR07,3
RMDDL,RMDVR,11
RMDDL,RMEV,3
RMDDL,URADR,1
RMDDL,URYDR,1
RMDDR,BWM-DL01,5
RMDDR,BWM-DL02,9
RMDDR,BWM-DL03,5
RMDDR,BWM-DL04,6
RMDDR,BWM-DL05,3
RMDDR,BWM-DL07,1
RMDDR,BWM-DR03,1
RMDDR,BWM-DR05,3
RMDDR,RMDDL,1
RMDDR,RMDDR,2
RMDDR,RMDVL,11
RMDDR,RMED,2
RMDDR,RMEV,1
RMDDR,SMBDR,1
RMDDR,URYDL,1
RMDL,ADER,1
RMDL,AVEL,1
RMDL,BWM-DR02,1
RMDL,BWM-DR04,6
RMDL,BWM-DR06,1
RMDL,BWM-DR08,1
RMDL,BWM-VR02,2
RMDL,BWM-VR04,9
RMDL,BWM-VR06,1
RMDL,IL1R,3
RMDL,RIAL,15
RMDL,RIAR,8
RMDL,RIML,1
RMDL,RIVL,1
RMDL,RMDDR,3
RMDL,RMDR,12
RMDL,RMEL,2
RMDL,RMFL,5
RMDL,RMHL,1
RMDL,SIBDR,1
RMDL,SMBVR,1
RMDL,SMDVL,2
RMDR,BWM-DL02,2
RMDR,BWM-DL04,5
RMDR,BWM-DL06,2
RMDR,BWM-VL02,5
RMDR,BWM-VL04,5
RMDR,BWM-VL06,1
RMDR,IL1L,1
RMDR,RIAL,7
RMDR,RIAR,14
RMDR,RMDDL,2
RMDR,RMDDR,1
RMDR,RMDL,7
RMDR,RMDVL,1
RMDR,RMDVR,1
RMDR,RMER,2
RMDR,RMHR,3
RMDR,SMDDR,1
RMDVL,BWM-DR02,1
RMDVL,BWM-VL01,1
RMDVL,BWM-VL03,2
RMDVL,BWM-VL05,1
RMDVL,BWM-VR01,2
RMDVL,BWM-VR02,6
RMDVL,BWM-VR03,8
RMDVL,BWM-VR04,9
RMDVL,BWM-VR05,8
RMDVL,BWM-VR06,2
RMDVL,BWM-VR07,4
RMDVL,IL1VR,1
RMDVL,RMDDR,11
RMDVL,RMED,1
RMDVL,SIBDR,1
RMDVL,SMBVR,1
RMDVR,BWM-VL01,8
RMDVR,BWM-VL02,4
RMDVR,BWM-VL03,9
RMDVR,BWM-VL04,9
RMDVR,BWM-VL05,7
RMDVR,BWM-VL06,3
RMDVR,BWM-VL07,2
RMDVR,BWM-VR03,2
RMDVR,BWM-VR05,3
RMDVR,RMDDL,10
RMDVR,RMDVL,4
RMDVR,RMED,3
RMDVR,SMBVL,2
RMED,BWM-VL01,11
RMED,BWM-VL03,6
RMED,BWM-VL05,2
RMED,BWM-VR01,11
RMED,BWM-VR03,8
RMED,BWM-VR05,3
RMED,RMDVL,1
RMED,SMDDL,1
RMED,SMDDR,2
RMEL,BWM-DR02,6
RMEL,BWM-DR04,4
RMEL,BWM-VR02,19
RMEL,BWM-VR04,8
RMEL,IL1R,1
RMEL,RMEL,2
RMER,BWM-DL02,16
RMER,BWM-DL04,3
RMER,BWM-VL02,12
RMER,BWM-VL04,1
RMEV,BWM-DL01,8
RMEV,BWM-DL03,9
RMEV,BWM-DR01,8
RMEV,BWM-DR02,1
RMEV,BWM-DR03,7
RMEV,BWM-DR05,4
RMEV,RMDDR,1
RMEV,SMDVL,2
RMEV,SMDVR,1
RMFL,AVKL,7
RMFL,AVKR,10
RMFL,AWCL,1
RMFL,BAGL,2
RMFL,BWM-DR02,5
RMFL,BWM-DR04,5
RMFL,BWM-VR02,4
RMFL,BWM-VR04,3
RMFL,CEPshVR,1
RMFL,CEPVR,1
RMFL,PVT,1
RMFL,RIML,1
RMFL,RMDL,4
RMFL,RMDR,9
RMFL,RMEL,1
RMFL,RMHL,5
RMFR,AIBR,1
RMFR,AVEL,1
RMFR,AVKL,9
RMFR,AVKR,4
RMFR,BAGR,1
RMFR,BWM-DL02,12
RMFR,BWM-DL04,4
RMFR,BWM-VL02,6
RMFR,BWM-VL04,5
RMFR,CEPDL,1
RMFR,DVC,1
RMFR,IL1L,1
RMFR,RIGL,3
RMFR,RIS,2
RMFR,RIVR,1
RMFR,RMDL,9
RMFR,RMDR,2
RMFR,RMDVL,1
RMFR,RMGL,1
RMFR,RMHR,6
RMGL,AIML,1
RMGL,ALML,1
RMGL,AVAL,1
RMGL,AVBL,2
RMGL,AVEL,2
RMGL,AVJR,1
RMGL,BWM-DL04,3
RMGL,BWM-DL06,3
RMGL,BWM-DL08,3
RMGL,BWM-VL06,3
RMGL,BWM-VL08,3
RMGL,IL2L,1
RMGL,RID,2
RMGL,RMDL,4
RMGL,RMDR,5
RMGL,RMDVL,2
RMGL,RMDVR,1
RMGL,SAADR,1
RMGL,SAAVL,1
RMGL,SAAVR,1
RMGL,SIBDL,2
RMGL,SIBDR,1
RMGL,SIBVL,2
RMGL,SMBVL,1
RMGL,URXL,1
RMGR,AIMR,2
RMGR,ASHR,1
RMGR,AVBR,1
RMGR,AVER,2
RMGR,AVFL,1
RMGR,AVFR,1
RMGR,BWM-DR02,1
RMGR,BWM-DR06,4
RMGR,BWM-DR08,1
RMGR,BWM-VR02,1
RMGR,BWM-VR04,1
RMGR,BWM-VR06,3
RMGR,BWM-VR08,2
RMGR,RMDL,5
RMGR,RMDR,4
RMGR,RMDVL,1
RMGR,RMDVR,2
RMGR,RMHL,1
RMGR,SAADR,1
RMGR,SIADL,1
RMGR,SIBDL,1
RMGR,SIBDR,1
RMGR,SIBVR,1
RMGR,SMBVR,1
RMGR,URXR,1
RMHL,AVKL,2
RMHL,BWM-DR02,4
RMHL,BWM-VR02,2
RMHL,RIGR,2
RMHL,RMDL,2
RMHL,RMDR,4
RMHL,RMFL,3
RMHL,RMGR,1
RMHR,AVKR,1
RMHR,BWM-DL02,6
RMHR,BWM-DL04,4
RMHR,BWM-VL02,5
RMHR,BWM-VL04,4
RMHR,RIGL,1
RMHR,RMDL,4
RMHR,RMDR,2
RMHR,RMFR,7
SAADL,AVAL,11
SAADL,OLLR,3
SAADL,RIML,5
SAADL,RIMR,10
SAADL,RMFR,3
SAADL,SMDVR,3
SAADR,AVAL,1
SAADR,AVAR,9
SAADR,AVEL,1
SAADR,OLLL,1
SAADR,RIML,8
SAADR,RIMR,8
SAADR,RMFL,2
SAADR,RMGL,1
SAADR,SMDVL,5
SAAVL,AIBL,1
SAAVL,AVAL,19
SAAVL,RIML,2
SAAVL,RIMR,15
SAAVL,RMFR,2
SAAVL,SMDDR,7
SAAVR,AVAR,21
SAAVR,RIML,17
SAAVR,RIMR,6
SAAVR,SMDDL,6
SDQL,AIBL,1
SDQL,AIBR,2
SDQL,AVAL,2
SDQL,AVAR,3
SDQL,FLPL,1
SDQL,IL1L,1
SDQL,RIS,1
SDQL,SMBVL,1
SDQL,SMDDL,1
SDQR,AIBL,1
SDQR,AVAR,1
SDQR,AVBL,3
SDQR,AVBR,8
SDQR,DVA,7
SDQR,RICR,1
SDQR,SDQL,1
SDQR,SIBVL,1
SDQR,SMDDR,1
SMBDL,ADAL,3
SMBDL,ALNR,2
SMBDL,BWM-DR01,3
SMBDL,BWM-DR02,1
SMBDL,BWM-DR03,4
SMBDL,BWM-DR04,3
SMBDL,BWM-DR05,5
SMBDL,BWM-DR06,1
SMBDL,BWM-DR07,2
SMBDL,RMDDL,1
SMBDL,RMED,4
SMBDL,SAAVL,2
SMBDL,SAAVR,9
SMBDR,ADAL,1
SMBDR,ALNL,3
SMBDR,AVAL,1
SMBDR,BWM-DL01,4
SMBDR,BWM-DL02,3
SMBDR,BWM-DL03,4
SMBDR,BWM-DL04,3
SMBDR,BWM-DL05,5
SMBDR,BWM-DL06,2
SMBDR,BWM-DL07,1
SMBDR,RMDDR,1
SMBDR,RMED,5
SMBDR,SAAVL,7
SMBDR,SAAVR,1
SMBDR,SIADR,1
SMBDR,SIBDL,2
SMBVL,BWM-VL01,3
SMBVL,BWM-VL02,3
SMBVL,BWM-VL03,6
SMBVL,BWM-VL04,3
SMBVL,BWM-VL05,4
SMBVL,BWM-VL06,1
SMBVL,BWM-VL07,2
SMBVL,excgl,1
SMBVL,PLNL,2
SMBVL,RMDVR,2
SMBVL,RMEV,3
SMBVL,SAADL,6
SMBVR,BWM-VR01,4
SMBVR,BWM-VR02,1
SMBVR,BWM-VR03,5
SMBVR,BWM-VR04,4
SMBVR,BWM-VR05,7
SMBVR,BWM-VR06,1
SMBVR,BWM-VR07,4
SMBVR,BWM-VR08,1
SMBVR,CEPVR,2
SMBVR,excgl,1
SMBVR,PLNR,3
SMBVR,RMDVL,1
SMBVR,RMEV,6
SMBVR,SAADR,6
SMDDL,BWM-DR01,1
SMDDL,BWM-DR03,2
SMDDL,BWM-DR04,1
SMDDL,BWM-DR05,5
SMDDL,BWM-DR06,1
SMDDL,BWM-DR07,1
SMDDL,CEPDR,1
SMDDL,RIAL,8
SMDDL,RIAR,7
SMDDL,RIML,1
SMDDL,RMDR,2
SMDDL,SMDVR,7
SMDDR,BWM-DL01,1
SMDDR,BWM-DL03,3
SMDDR,BWM-DL04,1
SMDDR,BWM-DL05,3
SMDDR,BWM-DL06,1
SMDDR,BWM-DL07,1
SMDDR,BWM-DR05,1
SMDDR,RIAL,8
SMDDR,RIAR,5
SMDDR,RIMR,1
SMDDR,RIS,1
SMDDR,RMDL,1
SMDDR,RMDR,2
SMDDR,SMDVL,7
SMDVL,BWM-VL03,1
SMDVL,BWM-VR01,1
SMDVL,BWM-VR03,2
SMDVL,BWM-VR05,1
SMDVL,RIAL,7
SMDVL,RIAR,11
SMDVL,SMDDR,7
SMDVR,BWM-VL01,1
SMDVR,BWM-VL03,2
SMDVR,BWM-VL04,1
SMDVR,BWM-VL05,2
SMDVR,BWM-VL06,1
SMDVR,CEPVL,1
SMDVR,OLLL,1
SMDVR,RIAL,7
SMDVR,RIAR,6
SMDVR,RIMR,1
SMDVR,RIS,1
SMDVR,SMDDL,7
URADL,BWM-DL01,9
URADL,BWM-DL02,5
URADL,BWM-DL03,4
URADL,BWM-DL04,2
URADL,BWM-VL02,1
URADL,IL1DL,4
URADL,RIPL,5
URADL,RMDDR,3
URADL,RMED,2
URADL,RMEL,2
URADR,BWM-DR01,6
URADR,BWM-DR02,5
URADR,BWM-DR03,3
URADR,IL1DR,3
URADR,IL1R,1
URADR,RIPR,4
URADR,RMDDL,1
URADR,RMED,2
URADR,RMER,2
URAVL,BWM-VL01,6
URAVL,BWM-VL02,9
URAVL,BWM-VL03,1
URAVL,IL1VL,5
URAVL,RIPL,3
URAVL,RMEL,4
URAVL,RMEV,3
URAVR,BWM-VR01,7
URAVR,BWM-VR02,7
URAVR,BWM-VR03,2
URAVR,BWM-VR04,2
URAVR,GLRR,1
URAVR,IL1R,1
URAVR,IL1VR,1
URAVR,RIPR,2
URAVR,RMER,3
URAVR,RMEV,2
URBL,ADAL,5
URBL,ADEL,1
URBL,AVBL,2
URBL,AVDL,1
URBL,CEPDL,2
URBL,CEPVL,1
URBL,IL1L,3
URBL,OLLL,1
URBL,RICL,1
URBL,RICR,5
URBL,RMDDL,1
URBL,RMDDR,1
URBL,RMDR,1
URBL,RMGL,1
URBL,RMHR,1
URBL,SIADR,1
URBL,SMBVL,1
URBL,SMDDR,1
URBL,URBL,2
URBL,URXL,9
URBR,ADAR,3
URBR,AVBR,1
URBR,CEPDR,2
URBR,CEPVR,1
URBR,IL1R,1
URBR,OLLR,1
URBR,RICL,2
URBR,RMDL,1
URBR,SDQR,1
URBR,SIAVR,2
URBR,SMBDL,1
URBR,URXR,8
URXL,AQR,1
URXL,AUAL,14
URXL,AVEL,4
URXL,IL2L,1
URXL,RIAL,21
URXL,RICL,3
URXL,RICR,2
URXL,RIGL,10
URXL,RIR,7
URXL,RMGL,2
URXL,SMBDR,1
URXR,AIBL,1
URXR,AQR,1
URXR,AUAR,17
URXR,AVER,3
URXR,IL1R,1
URXR,IL2R,3
URXR,RIAR,29
URXR,RICL,1
URXR,RICR,4
URXR,RIGR,9
URXR,RIR,7
URXR,RMGR,1
URYDL,AVBL,1
URYDL,AVBR,1
URYDL,AVDL,2
URYDL,AVDR,1
URYDL,AVEL,1
URYDL,AVER,7
URYDL,BWM-DL01,1
URYDL,BWM-DL03,3
URYDL,CEPDL,3
URYDL,IL1DL,6
URYDL,OLQDL,1
URYDL,RIBL,3
URYDL,RID,1
URYDL,RMDDR,6
URYDL,RMDVL,16
URYDL,SMDDR,7
URYDR,AVBR,1
URYDR,AVDR,1
URYDR,AVEL,5
URYDR,BWM-DR01,2
URYDR,BWM-DR03,1
URYDR,IL1DR,4
URYDR,OLLR,1
URYDR,OLQDR,1
URYDR,RIBR,3
URYDR,RMDDL,7
URYDR,RMDVR,16
URYDR,SMDDL,4
URYVL,AVBL,1
URYVL,AVER,11
URYVL,BWM-VL01,1
URYVL,BWM-VL03,1
URYVL,IL1VL,3
URYVL,OLLL,1
URYVL,RIBL,7
URYVL,RID,1
URYVL,RIS,1
URYVL,RMDDL,14
URYVL,RMDVR,6
URYVL,SIBVL,1
URYVL,SIBVR,2
URYVL,SMDVR,6
URYVR,AIBL,1
URYVR,AVAL,1
URYVR,AVBL,3
URYVR,AVBR,2
URYVR,AVDL,1
URYVR,AVEL,6
URYVR,BWM-VR01,1
URYVR,BWM-VR03,2
URYVR,BWM-VR05,1
URYVR,IL1VR,3
URYVR,RIBR,2
URYVR,RIPR,1
URYVR,RMDDR,11
URYVR,RMDVL,8
URYVR,SIBDR,1
URYVR,SIBVL,2
URYVR,SIBVR,1
URYVR,SMDVL,4
